Company,Location_HQ,Country,Continent,Laid_Off,Percentage,Company_Size_before_Layoffs,Company_Size_after_layoffs,Industry,Stage,Year
Gopuff,Philadelphia,USA,North America,250,1.851851851851852,13500,13250,Food,Series H,2022
The Guild,Austin,USA,North America,38,22.0,173,135,Travel,Series B,2020
iFit,Logan,USA,North America,300,20.0,1500,1200,Fitness,Private Equity …,2022
Gopuff,Philadelphia,USA,North America,100,0.6622516556291391,15100,15000,Food,Series H,2022
Grab,Singapore,Singapore,Asia,360,5.0,7200,6840,Transportation,Series I,2020
Cowbell,San Francisco Bay Area,USA,North America,28,12.0,233,205,Finance,Series B,2023
23andMe,San Francisco Bay Area,USA,North America,75,9.0,833,758,Healthcare,Post-IPO,2023
ResearchGate,Berlin,Germany,Europe,25,10.0,250,225,Other,Series D,2022
Docly,London,United Kingdom,Europe,8,80.0,10,2,Healthcare,Seed,2020
Chipper Cash,San Francisco Bay Area,USA,North America,100,33.0,303,203,Finance,Series C,2023
Sonder,San Francisco Bay Area,USA,North America,400,33.0,1212,812,Travel,Series D,2020
2TM,Sao Paulo,Brazil,South America,100,15.0,667,567,Crypto,Unknown,2022
New Relic,San Francisco Bay Area,USA,North America,110,5.0,2200,2090,Infrastructure,Post-IPO,2022
Stitch Fix,San Francisco Bay Area,USA,North America,330,15.0,2200,1870,Retail,Post-IPO,2022
Deliveroo,London,United Kingdom,Europe,367,15.0,2447,2080,Food,Series G,2020
Polygon,Bengaluru,India,Asia,100,20.0,500,400,Crypto,Unknown,2023
TripleLift,New York City,USA,North America,23,7.0,329,306,Marketing,Series B,2020
Hootsuite,Vancouver,Canada,North America,50,5.0,1000,950,Marketing,Series C,2022
Vox Media,Washington DC,USA,North America,39,2.0,1950,1911,Media,Series F,2022
Apartment List,San Francisco Bay Area,USA,North America,29,10.0,290,261,Real Estate,Series D,2022
Builder,Los Angeles,USA,North America,39,14.0,279,240,Product,Series A,2020
Bluprint,Denver,USA,North America,137,100.0,137,0,Education,Acquired,2020
Soluto,Tel Aviv,Israel,Asia,120,100.0,120,0,Support,Acquired,2022
Bevi,Boston,USA,North America,30,20.0,150,120,Food,Series C,2020
Glassdoor,San Francisco Bay Area,USA,North America,300,30.0,1000,700,Recruiting,Acquired,2020
Delivery Hero,Berlin,Germany,Europe,100,2.5,4000,3900,Food,Post-IPO,2022
Koho,Toronto,Canada,North America,15,4.0,375,360,Finance,Series D,2022
Simpl,Bengaluru,India,Asia,150,25.0,600,450,Finance,Series B,2023
SIRCLO,Jakarta,Indonesia,Asia,160,8.0,2000,1840,Retail,Series B,2022
Coinbase,San Francisco Bay Area,USA,North America,950,20.0,4750,3800,Crypto,Post-IPO,2023
Branch,New York City,USA,North America,3,27.0,11,8,Retail,Seed,2020
Rivian,Detroit,USA,North America,840,6.0,14000,13160,Transportation,Post-IPO,2022
Legible,Vancouver,Canada,North America,23,38.0,61,38,Media,Post-IPO,2022
Zenoti,Seattle,USA,North America,17,4.0,425,408,Fitness,Series C,2020
Chargebee,San Francisco Bay Area,USA,North America,142,10.0,1420,1278,Finance,Series H,2022
SpotHero,Chicago,USA,North America,40,21.0,190,150,Transportation,Series D,2020
Zak,Sao Paulo,Brazil,South America,100,40.0,250,150,Food,Series A,2022
7shifts,Saskatoon,Canada,North America,30,7.0,429,399,Food,Series C,2023
Divvy Homes,San Francisco Bay Area,USA,North America,40,12.0,333,293,Real Estate,Series B,2022
SoundHound,San Francisco Bay Area,USA,North America,200,50.0,400,200,Other,Post-IPO,2023
MyGate,Bengaluru,India,Asia,200,30.0,667,467,Other,Series B,2023
Stashaway,Singapore,Singapore,Asia,31,14.0,221,190,Finance,Series D,2022
Calendly,Atlanta,USA,North America,60,10.0,600,540,Other,Series B,2023
Workmotion,Berlin,Germany,Europe,60,20.0,300,240,HR,Series B,2022
The Grommet,Boston,USA,North America,40,100.0,40,0,Retail,Acquired,2022
Bench,Vancouver,Canada,North America,47,10.0,470,423,Finance,Series B,2020
GoBolt,Toronto,Canada,North America,55,5.0,1100,1045,Logistics,Series C,2023
Intercom,San Francisco Bay Area,USA,North America,49,5.0,980,931,Support,Series D,2022
iFood,Sao Paulo,Brazil,South America,355,6.0,5917,5562,Food,Subsidi…,2023
ShareChat,Bengaluru,India,Asia,500,20.0,2500,2000,Consumer,Series H,2023
Next Insurance,San Francisco Bay Area,USA,North America,150,17.0,882,732,Finance,Series E,2022
Workable,Boston,USA,North America,25,10.0,250,225,Recruiting,Series C,2020
Pristyn Care,Gurugram,India,Asia,300,15.0,2000,1700,Healthcare,Series E,2023
HOOQ,Singapore,Singapore,Asia,250,100.0,250,0,Consumer,Unknown,2020
Khoros,Austin,USA,North America,120,10.0,1200,1080,Sales,Private Equity …,2022
TytoCare,New York City,USA,North America,20,10.0,200,180,Healthcare,Series D,2023
Xiaohongshu,Shanghai,China,Asia,180,9.0,2000,1820,Consumer,Series E,2022
OneWeb,London,United Kingdom,Europe,451,85.0,531,80,Aerospace,Unknown,2020
Unico,Sao Paulo,Brazil,South America,50,4.0,1250,1200,Other,Series D,2022
Tilting Point,New York City,USA,North America,60,14.0,429,369,Consumer,Unknown,2023
Away,New York City,USA,North America,22,8.0,275,253,Retail,Series D,2023
Metromile,San Francisco Bay Area,USA,North America,100,33.0,303,203,Finance,Series E,2020
Houzz,San Francisco Bay Area,USA,North America,155,10.0,1550,1395,Consumer,Series E,2020
Rent the Runway,New York City,USA,North America,37,10.0,370,333,Retail,Post-IPO,2024
Alteryx,Los Angeles,USA,North America,320,11.0,2909,2589,Data,Post-IPO,2023
Uberflip,Toronto,Canada,North America,31,17.0,182,151,Marketing,Series A,2022
Chingari,Bengaluru,India,Asia,48,20.0,240,192,Media,Unknown,2023
Blend,San Francisco Bay Area,USA,North America,200,10.0,2000,1800,Finance,Post-IPO,2022
Swiggy,Bengaluru,India,Asia,350,5.0,7000,6650,Food,Series I,2020
Stripe,San Francisco Bay Area,USA,North America,1000,14.0,7143,6143,Finance,Series H,2022
Pluralsight,Salt Lake City,USA,North America,400,20.0,2000,1600,Education,Acquired,2022
Starry,Boston,USA,North America,100,24.0,417,317,Other,Post-IPO,2023
Unity,San Francisco Bay Area,USA,North America,600,8.0,7500,6900,Other,Post-IPO,2023
CS Disco,Austin,USA,North America,62,9.0,689,627,Legal,Post-IPO,2023
Envoy,San Francisco Bay Area,USA,North America,58,30.0,193,135,HR,Series B,2020
DataRails,Tel Aviv,Israel,Asia,30,18.0,167,137,Finance,Series B,2022
Finleap Connect,Hamburg,Germany,Europe,14,10.0,140,126,Finance,Series A,2022
ZestMoney,Bengaluru,India,Asia,150,100.0,150,0,Finance,Series C,2023
TrueCar,Los Angeles,USA,North America,102,24.0,425,323,Transportation,Post-IPO,2023
Gopuff,Philadelphia,USA,North America,450,3.0,15000,14550,Food,Series H,2022
Kaleidoscope,Minneapolis,USA,North America,15,30.0,50,35,Finance,Series A,2023
PayFit,Paris,France,Europe,200,20.0,1000,800,HR,Series E,2023
Vendease,Lagos,Nigeria,Africa,27,9.0,300,273,Food,Series A,2022
Embark Trucks,San Francisco Bay Area,USA,North America,230,70.0,329,99,Transportation,Post-IPO,2023
ScaleFactor,Austin,USA,North America,90,90.0,100,10,Finance,Series C,2020
Food52,New York City,USA,North America,20,10.0,200,180,Food,Acquired,2022
Ebanx,Curitiba,Brazil,South America,62,8.0,775,713,Finance,Unknown,2020
Polly,Burlington,USA,North America,47,15.0,313,266,Finance,Series C,2022
Maven,Seattle,USA,North America,31,9.0,344,313,Media,Post-IPO,2020
TripleLift,New York City,USA,North America,100,20.0,500,400,Marketing,Acquired,2023
Neon,Sao Paulo,Brazil,South America,210,9.0,2333,2123,Finance,Series D,2023
IronNet,Washington DC,USA,North America,55,17.0,324,269,Security,Post-IPO,2022
Nuri,Berlin,Germany,Europe,45,20.0,225,180,Finance,Series B,2022
Primer,London,United Kingdom,Europe,85,33.0,258,173,Finance,Series B,2022
Robinhood,San Francisco Bay Area,USA,North America,150,7.0,2143,1993,Finance,Post-IPO,2023
DataRobot,Boston,USA,North America,70,7.0,1000,930,Data,Series G,2022
Outside,Boulder,USA,North America,87,15.0,580,493,Media,Series B,2022
Cerebral,Walnut,USA,North America,400,20.0,2000,1600,Healthcare,Series C,2022
Forto,Berlin,Germany,Europe,60,8.0,750,690,Logistics,Series D,2022
Cloudinary,San Francisco Bay Area,USA,North America,40,8.0,500,460,Media,Unknown,2022
Virgin Hyperloop,Los Angeles,USA,North America,111,50.0,222,111,Transportation,Unknown,2022
Ocavu,Lehi,USA,North America,20,48.0,42,22,Crypto,Series A,2022
Highspot,Seattle,USA,North America,140,15.0,933,793,Sales,Series F,2023
Bringg,Tel Aviv,Israel,Asia,10,10.0,100,90,Logistics,Series D,2020
Lemon,Buenos Aires,Argentina,South America,100,38.0,263,163,Crypto,Series A,2022
Hootsuite,Vancouver,Canada,North America,70,7.0,1000,930,Marketing,Series C,2023
Peloton,New York City,USA,North America,784,13.0,6031,5247,Fitness,Post-IPO,2022
GumGum,Los Angeles,USA,North America,90,25.0,360,270,Marketing,Series D,2020
Bright Money,Bengaluru,India,Asia,100,50.0,200,100,Finance,Series A,2022
Gemini,New York City,USA,North America,100,10.0,1000,900,Crypto,Unknown,2022
DoorDash,San Francisco Bay Area,USA,North America,1250,6.0,20833,19583,Food,Post-IPO,2022
Salsify,Boston,USA,North America,90,11.0,818,728,Retail,Series F,2022
Element AI,Montreal,Canada,North America,62,15.0,413,351,Other,Series B,2020
Juul,San Francisco Bay Area,USA,North America,900,30.0,3000,2100,Consumer,Unknown,2020
Veriff,Tallinn,Estonia,Europe,63,21.0,300,237,Security,Series A,2020
Vesttoo,Tel Aviv,Israel,Asia,150,75.0,200,50,Finance,Series C,2023
Briza,Toronto,Canada,North America,26,40.0,65,39,Finance,Series A,2022
Shippo,San Francisco Bay Area,USA,North America,60,20.0,300,240,Logistics,Series E,2022
Compass,New York City,USA,North America,375,15.0,2500,2125,Real Estate,Series G,2020
Incredible Health,San Francisco Bay Area,USA,North America,9,40.0,23,14,Healthcare,Series A,2020
Expel,Washington DC,USA,North America,60,10.0,600,540,Security,Series E,2023
Zomato,Gurugram,India,Asia,100,4.0,2500,2400,Food,Series J,2022
Better.com,New York City,USA,North America,3000,33.0,9091,6091,Real Estate,Unknown,2022
BharatAgri,Mumbai,India,Asia,40,43.0,93,53,Food,Series A,2023
VTEX,Sao Paulo,Brazil,South America,200,13.0,1538,1338,Retail,Post-IPO,2022
SirionLabs,Seattle,USA,North America,130,15.0,867,737,Legal,Series D,2023
Acast,Stockholm,Sweden,Europe,70,15.0,467,397,Media,Post-IPO,2022
CityMall,Gurugram,India,Asia,191,30.0,637,446,Retail,Series C,2022
RealSelf,Seattle,USA,North America,40,13.0,308,268,Healthcare,Series B,2020
Casper,New York City,USA,North America,78,21.0,371,293,Retail,Post-IPO,2020
Vroom,New York City,USA,North America,275,20.0,1375,1100,Transportation,Post-IPO,2023
Exotel,Bengaluru,India,Asia,142,15.0,947,805,Support,Series D,2023
OneFootball,Berlin,Germany,Europe,150,32.0,469,319,Marketing,Series D,2023
Food52,New York City,USA,North America,21,15.0,140,119,Food,Acquired,2022
MakeMyTrip,New Delhi,India,Asia,350,10.0,3500,3150,Travel,Post-IPO,2020
Uber,San Francisco Bay Area,USA,North America,3700,14.0,26429,22729,Transportation,Post-IPO,2020
Dutchie,Bend,USA,North America,50,7.0,714,664,Other,Series D,2022
Lawgeex,Tel Aviv,Israel,Asia,30,33.0,91,61,Legal,Series C,2022
WorkRamp,San Francisco Bay Area,USA,North America,35,20.0,175,140,HR,Series C,2022
LearnUpon,Dublin,Ireland,Europe,27,9.0,300,273,Education,Private Equity …,2023
Beyond Meat,Los Angeles,USA,North America,200,19.0,1053,853,Food,Post-IPO,2022
FNZ,London,United Kingdom,Europe,1000,15.0,6667,5667,Finance,Private Equity …,2023
Pie Insurance,Washington DC,USA,North America,63,14.0,450,387,Finance,Series D,2023
Zwift,Los Angeles,USA,North America,80,15.0,533,453,Fitness,Series C,2023
Zipcar,Boston,USA,North America,100,20.0,500,400,Transportation,Acquired,2020
Andela,New York City,USA,North America,135,10.0,1350,1215,Recruiting,Series D,2020
CNET,San Francisco Bay Area,USA,North America,12,10.0,120,108,Media,Acquired,2023
Aura,Boston,USA,North America,70,9.0,778,708,Security,Series F,2022
Ethos Life,San Francisco Bay Area,USA,North America,40,12.0,333,293,Finance,Series D,2022
RenoRun,Montreal,Canada,North America,70,12.0,583,513,Construction,Series B,2022
Peloton,New York City,USA,North America,500,12.0,4167,3667,Fitness,Post-IPO,2022
Pocketmath,Singapore,Singapore,Asia,21,100.0,21,0,Marketing,Unknown,2021
Viasat,San Diego,USA,North America,300,4.0,7500,7200,Other,Post-IPO,2023
23andMe,San Francisco Bay Area,USA,North America,71,11.0,645,574,Healthcare,Post-IPO,2023
Puppet,Portland,USA,North America,50,10.0,500,450,Infrastructure,Series F,2020
Aqgromalin,Chennai,India,Asia,80,30.0,267,187,Food,Unknown,2022
Outschool,San Francisco Bay Area,USA,North America,31,18.0,172,141,Education,Series D,2022
eGym,Munich,Germany,Europe,100,25.0,400,300,Fitness,Series D,2020
MindBody,San Luis Obispo,USA,North America,700,35.0,2000,1300,Fitness,Post-IPO,2020
Butler Hospitality,New York City,USA,North America,1000,100.0,1000,0,Food,Series B,2022
Opendoor,San Francisco Bay Area,USA,North America,600,35.0,1714,1114,Real Estate,Series E,2020
Argo AI,Pittsburgh,USA,North America,150,5.0,3000,2850,Transportation,Unknown,2022
Knock,New York City,USA,North America,115,46.0,250,135,Real Estate,Unknown,2022
Loft,Sao Paulo,Brazil,South America,340,15.0,2267,1927,Real Estate,Unknown,2023
Wattpad,Toronto,Canada,North America,42,15.0,280,238,Media,Acquired,2023
Ola,Bengaluru,India,Asia,1400,35.0,4000,2600,Transportation,Series J,2020
Turo,San Francisco Bay Area,USA,North America,108,30.0,360,252,Transportation,Series E,2020
Ula,Jakarta,Indonesia,Asia,134,23.0,583,449,Retail,Series B,2022
Pear Therapeutics,Boston,USA,North America,25,9.0,278,253,Healthcare,Post-IPO,2022
Workhuman,Dublin,Ireland,Europe,130,10.0,1300,1170,HR,Unknown,2023
Twilio,San Francisco Bay Area,USA,North America,1500,17.0,8824,7324,Other,Post-IPO,2023
eBay,San Francisco Bay Area,USA,North America,500,4.0,12500,12000,Retail,Post-IPO,2023
Deliv,San Francisco Bay Area,USA,North America,669,100.0,669,0,Retail,Series C,2020
Homeday,Berlin,Germany,Europe,40,20.0,200,160,Real Estate,Unknown,2023
MediBuddy,Bengaluru,India,Asia,200,8.0,2500,2300,Healthcare,Acquired,2023
Intuit,San Francisco Bay Area,USA,North America,715,7.0,10214,9499,Finance,Post-IPO,2020
Sensibill,Toronto,Canada,North America,17,20.0,85,68,Finance,Series B,2020
Voi,Stockholm,Sweden,Europe,130,13.0,1000,870,Transportation,Series D,2022
PolicyGenius,New York City,USA,North America,170,25.0,680,510,Finance,Series E,2022
Bird,Los Angeles,USA,North America,406,30.0,1353,947,Transportation,Series D,2020
Cazoo,London,United Kingdom,Europe,750,15.0,5000,4250,Transportation,Post-IPO,2022
Ualá,Buenos Aires,Argentina,South America,53,3.0,1767,1714,Finance,Series D,2022
Revelate,Montreal,Canada,North America,24,30.0,80,56,Data,Series A,2022
OneTrust,Atlanta,USA,North America,950,25.0,3800,2850,Security,Series C,2022
Latch,New York City,USA,North America,30,6.0,500,470,Security,Post-IPO,2022
Yahoo,San Francisco Bay Area,USA,North America,1600,20.0,8000,6400,Consumer,Acquired,2023
ClearCo,Toronto,Canada,North America,50,30.0,167,117,Finance,Series C,2023
Momentive,San Francisco Bay Area,USA,North America,180,11.0,1636,1456,Marketing,Post-IPO,2022
GetYourGuide,Berlin,Germany,Europe,90,17.0,529,439,Travel,Series E,2020
TouchBistro,Toronto,Canada,North America,131,23.0,570,439,Food,Series E,2020
Atsu,Seattle,USA,North America,6,100.0,6,0,Infrastructure,Unknown,2020
10X Genomics,San Francisco Bay Area,USA,North America,100,8.0,1250,1150,Healthcare,Post-IPO,2022
EquityZen,New York City,USA,North America,30,27.0,111,81,Finance,Series B,2022
Unacademy,Bengaluru,India,Asia,1000,17.0,5882,4882,Education,Series H,2022
Ritual,Toronto,Canada,North America,196,54.0,363,167,Food,Series C,2020
Segment,San Francisco Bay Area,USA,North America,50,10.0,500,450,Data,Series D,2020
Sendy,Nairobi,Kenya,Africa,54,20.0,270,216,Logistics,Series B,2022
Uber Freight,San Francisco Bay Area,USA,North America,150,3.0,5000,4850,Logistics,Subsidi…,2023
WalkMe,San Francisco Bay Area,USA,North America,43,3.0,1433,1390,Other,Post-IPO,2023
Pipl,Spokane,USA,North America,22,13.0,169,147,Security,Unknown,2022
Yotpo,New York City,USA,North America,70,9.0,778,708,Marketing,Unknown,2022
Electric,New York City,USA,North America,141,25.0,564,423,Other,Series D,2023
Fable,Toronto,Canada,North America,13,9.0,144,131,Other,Series A,2023
Pico Interactive,San Francisco Bay Area,USA,North America,400,20.0,2000,1600,Other,Acquired,2023
Lighter Capital,Seattle,USA,North America,22,49.0,45,23,Finance,Series B,2020
Blend,San Francisco Bay Area,USA,North America,150,19.0,789,639,Finance,Post-IPO,2023
Headspace,Los Angeles,USA,North America,181,15.0,1207,1026,Healthcare,Unknown,2023
Zilingo,Singapore,Singapore,Asia,44,5.0,880,836,Retail,Series D,2020
Incredibuild,Tel Aviv,Israel,Asia,40,20.0,200,160,Product,Series B,2023
Veev,San Francisco Bay Area,USA,North America,100,30.0,333,233,Real Estate,Series D,2022
Taxfix,Berlin,Germany,Europe,120,20.0,600,480,Finance,Series D,2023
Snyk,Boston,USA,North America,198,14.0,1414,1216,Security,Series F,2022
PerkSpot,Chicago,USA,North America,10,10.0,100,90,HR,Private Equity …,2020
Lucid Motors,San Francisco Bay Area,USA,North America,1300,18.0,7222,5922,Transportation,Post-IPO,2023
Studio,San Francisco Bay Area,USA,North America,33,40.0,83,50,Education,Series B,2022
Sema4,Stamford,USA,North America,250,13.0,1923,1673,Healthcare,Post-IPO,2022
Packable,New York City,USA,North America,138,20.0,690,552,Retail,Unknown,2022
N26,New York City,USA,North America,9,1.0,900,891,Finance,Series D,2020
Loggi,Sao Paulo,Brazil,South America,500,15.0,3333,2833,Logistics,Series F,2022
Thumbtack,San Francisco Bay Area,USA,North America,160,14.0,1143,983,Consumer,Series I,2022
Titan Medical,Toronto,Canada,North America,48,72.0,67,19,Healthcare,Post-IPO,2023
Lightico,Tel Aviv,Israel,Asia,20,25.0,80,60,Finance,Series B,2023
Ritual,Toronto,Canada,North America,38,40.0,95,57,Food,Series C,2023
DealShare,Bengaluru,India,Asia,100,6.0,1667,1567,Retail,Series E,2023
Zscaler,San Francisco Bay Area,USA,North America,177,3.0,5900,5723,Security,Post-IPO,2023
Lendingkart,Ahmedabad,India,Asia,500,50.0,1000,500,Finance,Unknown,2020
Wonderschool,San Francisco Bay Area,USA,North America,50,75.0,67,17,Education,Series A,2020
Mojocare,Bengaluru,India,Asia,170,80.0,213,43,Healthcare,Series A,2023
Truepill,San Francisco Bay Area,USA,North America,175,33.0,530,355,Healthcare,Series D,2022
Rasa,Berlin,Germany,Europe,59,40.0,148,89,Data,Series B,2022
Grab,Singapore,Singapore,Asia,1000,11.0,9091,8091,Transportation,Post-IPO,2023
MediaMath,New York City,USA,North America,53,8.0,663,610,Marketing,Private Equity …,2020
Koo,Bengaluru,India,Asia,78,30.0,260,182,Consumer,Series B,2023
Carousell,Singapore,Singapore,Asia,110,10.0,1100,990,Retail,Private Equity …,2022
Hubilo,San Francisco Bay Area,USA,North America,115,35.0,329,214,Other,Series B,2023
Sprinklr,New York City,USA,North America,100,4.0,2500,2400,Support,Post-IPO,2023
Sonder,San Francisco Bay Area,USA,North America,100,14.0,714,614,Travel,Post-IPO,2023
Metigy,Sydney,Australia,Australia,75,100.0,75,0,Marketing,Series B,2022
OpenWeb,Tel Aviv,Israel,Asia,14,5.0,280,266,Media,Series E,2022
SoFi,San Francisco Bay Area,USA,North America,112,7.0,1600,1488,Finance,Private Equity …,2020
ClassPass,New York City,USA,North America,154,22.0,700,546,Fitness,Series E,2020
Remote,San Francisco Bay Area,USA,North America,100,9.0,1111,1011,HR,Series C,2022
Unbounce,Vancouver,Canada,North America,47,20.0,235,188,Marketing,Series A,2022
Buser,Sao Paulo,Brazil,South America,160,30.0,533,373,Transportation,Series C,2022
Waze,San Francisco Bay Area,USA,North America,30,5.0,600,570,Transportation,Acquired,2020
Udaan,Bengaluru,India,Asia,100,10.0,1000,900,Retail,Unknown,2023
Byju's,Bengaluru,India,Asia,2500,5.0,50000,47500,Education,Private Equity …,2022
Twine Solutions,Tel Aviv,Israel,Asia,30,33.0,91,61,Hardware,Unknown,2023
Wix,Tel Aviv,Israel,Asia,370,6.0,6167,5797,Marketing,Post-IPO,2023
Bolt,San Francisco Bay Area,USA,North America,130,29.0,450,320,Finance,Series E,2023
Stream,Boulder,USA,North America,20,12.0,167,147,Product,Series B,2022
Vee,Tel Aviv,Israel,Asia,16,32.0,50,34,HR,Seed,2022
Carbon Health,San Francisco Bay Area,USA,North America,114,5.0,2280,2166,Healthcare,Series D,2023
Nori,Seattle,USA,North America,10,37.0,27,17,Energy,Unknown,2023
Convoy,Seattle,USA,North America,30,5.0,600,570,Logistics,Series E,2023
Tamara Mellon,Los Angeles,USA,North America,20,40.0,50,30,Retail,Series C,2020
Foxtrot,Chicago,USA,North America,26,4.0,650,624,Food,Series C,2022
Groupon,Chicago,USA,North America,2800,44.0,6364,3564,Retail,Post-IPO,2020
Picsart,Miami,USA,North America,90,8.0,1125,1035,Consumer,Series C,2022
Away,New York City,USA,North America,60,10.0,600,540,Retail,Series D,2020
Sanar,Sao Paulo,Brazil,South America,60,20.0,300,240,Healthcare,Unknown,2022
Twilio,San Francisco Bay Area,USA,North America,800,11.0,7273,6473,Other,Post-IPO,2022
Katerra,San Francisco Bay Area,USA,North America,240,3.0,8000,7760,Construction,Series D,2020
Arrival,London,United Kingdom,Europe,800,50.0,1600,800,Transportation,Post-IPO,2023
Kinde,Sydney,Australia,Australia,8,28.0,29,21,Other,Seed,2023
Akili Labs,Boston,USA,North America,46,30.0,153,107,Healthcare,Post-IPO,2023
The RealReal,San Francisco Bay Area,USA,North America,230,7.0,3286,3056,Retail,Post-IPO,2023
Kuda,Lagos,Nigeria,Africa,23,5.0,460,437,Finance,Series B,2022
Checkout.com,London,United Kingdom,Europe,100,5.0,2000,1900,Finance,Series D,2022
Clue,Berlin,Germany,Europe,31,31.0,100,69,Healthcare,Unknown,2023
Quidax,Lagos,Nigeria,Africa,20,20.0,100,80,Crypto,Unknown,2022
Cadre,New York City,USA,North America,28,25.0,112,84,Real Estate,Series C,2020
Bitso,Mexico City,Mexico,North America,80,11.0,727,647,Crypto,Series C,2022
QuintoAndar,Sao Paulo,Brazil,South America,88,8.0,1100,1012,Real Estate,Series D,2020
Nuro,San Francisco Bay Area,USA,North America,300,20.0,1500,1200,Transportation,Series D,2022
Opendoor,San Francisco Bay Area,USA,North America,560,22.0,2545,1985,Real Estate,Post-IPO,2023
Amazon,Seattle,USA,North America,150,0.04497975910840122,333483,333333,Retail,Post-IPO,2022
Wordstream,Boston,USA,North America,26,10.0,260,234,Marketing,Acquired,2020
ShareChat,Bengaluru,India,Asia,101,25.0,404,303,Marketing,Series D,2020
Pleo,Copenhagen,Denmark,Europe,150,15.0,1000,850,Finance,Series C,2022
Hodinkee,New York City,USA,North America,24,20.0,120,96,Retail,Seed,2023
Crypto.com,Singapore,Singapore,Asia,260,5.0,5200,4940,Crypto,Unknown,2022
Sidecar Health,Los Angeles,USA,North America,110,40.0,275,165,Healthcare,Series C,2022
Greenhouse,New York City,USA,North America,100,12.0,833,733,Recruiting,Private Equity …,2023
JOKR,New York City,USA,North America,50,5.0,1000,950,Food,Series B,2022
Vesalius Therapeutics,Boston,USA,North America,29,43.0,67,38,Healthcare,Series B,2022
Wonder,New York City,USA,North America,130,7.0,1857,1727,Food,Series B,2022
Submittable,Missoula,USA,North America,30,20.0,150,120,Other,Series B,2020
Blend,San Francisco Bay Area,USA,North America,100,6.0,1667,1567,Finance,Post-IPO,2022
Thoughtworks,Chicago,USA,North America,579,5.0,11580,11001,Other,Post-IPO,2023
Unison,San Francisco Bay Area,USA,North America,89,45.0,198,109,Finance,Series B,2020
Brighte,Sydney,Australia,Australia,30,15.0,200,170,Energy,Series C,2022
Introhive,Ferdericton,Canada,North America,57,16.0,356,299,Sales,Series C,2022
Tier Mobility,Berlin,Germany,Europe,180,16.0,1125,945,Transportation,Series D,2022
Lever,San Francisco Bay Area,USA,North America,86,40.0,215,129,Recruiting,Series C,2020
TIFIN,Boulder,USA,North America,24,10.0,240,216,Crypto,Series D,2022
Sauce Labs,San Francisco Bay Area,USA,North America,30,15.0,200,170,Infrastructure,Unknown,2020
Banxa,Melbourne,Australia,Australia,70,30.0,233,163,Crypto,Post-IPO,2022
Course Hero,San Francisco Bay Area,USA,North America,42,15.0,280,238,Education,Series C,2023
Peerspace,San Francisco Bay Area,USA,North America,41,75.0,55,14,Real Estate,Series B,2020
DraftKings,Boston,USA,North America,140,4.0,3500,3360,Consumer,Post-IPO,2023
Enphase Energy,San Francisco Bay Area,USA,North America,350,10.0,3500,3150,Energy,Post-IPO,2023
Invitae,San Francisco Bay Area,USA,North America,235,15.0,1567,1332,Healthcare,Post-IPO,2023
Basis Technologies,Chicago,USA,North America,40,4.0,1000,960,Marketing,Series B,2023
Trax,Singapore,Singapore,Asia,100,12.0,833,733,Retail,Series E,2022
Tomo,Stamford,USA,North America,44,33.0,133,89,Finance,Series A,2022
Help.com,Austin,USA,North America,16,100.0,16,0,Support,Seed,2020
Tickertape,Bengaluru,India,Asia,29,29.0,100,71,Finance,Seed,2023
Planetly,Berlin,Germany,Europe,200,100.0,200,0,Other,Acquired,2022
SiFive,San Francisco Bay Area,USA,North America,130,20.0,650,520,Hardware,Series F,2023
AdRoll,Salt Lake City,USA,North America,210,30.0,700,490,Marketing,Series C,2020
Knotel,New York City,USA,North America,127,30.0,423,296,Real Estate,Series C,2020
Carvana,Phoenix,USA,North America,2500,12.0,20833,18333,Transportation,Post-IPO,2022
Kodiak Robotics,San Francisco Bay Area,USA,North America,15,20.0,75,60,Transportation,Series A,2020
Breathe,New Delhi,India,Asia,50,33.0,152,102,Healthcare,Series A,2022
Berlin Brands Group,Berlin,Germany,Europe,100,10.0,1000,900,Retail,Unknown,2022
Loop,Austin,USA,North America,19,25.0,76,57,Finance,Series A,2023
Sana Benefits,Austin,USA,North America,73,50.0,146,73,HR,Series B,2023
Olive AI,Columbus,USA,North America,215,35.0,614,399,Healthcare,Series H,2023
Similarweb,New York City,USA,North America,120,10.0,1200,1080,Other,Post-IPO,2022
Chia Network,San Francisco Bay Area,USA,North America,26,37.0,70,44,Crypto,Series D,2023
Verbit,New York City,USA,North America,60,6.0,1000,940,Data,Series E,2023
SecureWorks,Atlanta,USA,North America,212,9.0,2356,2144,Security,Post-IPO,2023
Airtable,San Francisco Bay Area,USA,North America,237,27.0,878,641,Product,Series F,2023
Tufin,Boston,USA,North America,55,10.0,550,495,Security,Acquired,2022
Airtasker,Sydney,Australia,Australia,45,20.0,225,180,Retail,Series C,2023
WayCool,Chennai,India,Asia,300,12.0,2500,2200,Food,Unknown,2023
Wealthsimple,Toronto,Canada,North America,159,13.0,1223,1064,Finance,Unknown,2022
Quanto,Sao Paulo,Brazil,South America,28,22.0,127,99,Finance,Series A,2022
Kenko Health,Mumbai,India,Asia,50,20.0,250,200,Healthcare,Unknown,2023
Ritual,Toronto,Canada,North America,23,16.0,144,121,Food,Series C,2022
Pitch,Berlin,Germany,Europe,59,30.0,197,138,Marketing,Series B,2022
Chainalysis,New York City,USA,North America,150,15.0,1000,850,Crypto,Series F,2023
OpenX,Los Angeles,USA,North America,35,15.0,233,198,Marketing,Unknown,2020
Perimeter 81,Tel Aviv,Israel,Asia,20,8.0,250,230,Security,Series C,2022
LEAD,Mumbai,India,Asia,80,4.0,2000,1920,Education,Series E,2022
Dropbox,San Francisco Bay Area,USA,North America,315,15.0,2100,1785,Other,Post-IPO,2021
Taboola,New York City,USA,North America,100,6.0,1667,1567,Marketing,Post-IPO,2022
Kraken,San Francisco Bay Area,USA,North America,1100,30.0,3667,2567,Crypto,Unknown,2022
Liftoff,San Francisco Bay Area,USA,North America,130,15.0,867,737,Marketing,Acquired,2022
Pecan AI,Tel Aviv,Israel,Asia,30,25.0,120,90,Data,Series C,2023
ContaAzul,Joinville,Brazil,South America,140,35.0,400,260,Education,Series D,2020
StockX,Detroit,USA,North America,100,12.0,833,733,Retail,Series C,2020
NYDIG,New York City,USA,North America,110,33.0,333,223,Crypto,Private Equity …,2022
At-Bay,San Francisco Bay Area,USA,North America,27,9.0,300,273,Security,Unknown,2023
Tekion,Bengaluru,India,Asia,300,10.0,3000,2700,Other,Series D,2023
Oda,Oslo,Sweden,Europe,70,18.0,389,319,Food,Unknown,2022
Shopify,Ottawa,Canada,North America,2300,20.0,11500,9200,Retail,Post-IPO,2023
Anchorage Digital,San Francisco Bay Area,USA,North America,75,20.0,375,300,Crypto,Series D,2023
Miro,San Francisco Bay Area,USA,North America,119,7.0,1700,1581,Other,Series C,2023
Doma,San Francisco Bay Area,USA,North America,515,40.0,1288,773,Finance,Post-IPO,2022
Smava,Berlin,Germany,Europe,100,10.0,1000,900,Finance,Unknown,2022
Demandbase,San Francisco Bay Area,USA,North America,27,3.0,900,873,Sales,Series H,2022
Nuro,San Francisco Bay Area,USA,North America,340,30.0,1133,793,Transportation,Series D,2023
Deep Instict,New York City,USA,North America,46,15.0,307,261,Security,Unknown,2023
Impala,London,United Kingdom,Europe,30,35.0,86,56,Travel,Series B,2022
Lyft,San Francisco Bay Area,USA,North America,60,2.0,3000,2940,Transportation,Post-IPO,2022
Bishop Fox,Phoenix,USA,North America,50,13.0,385,335,Security,Series B,2023
Argyle,New York City,USA,North America,20,7.0,286,266,Finance,Series B,2022
Flexe,Seattle,USA,North America,131,33.0,397,266,Logistics,Series D,2023
ApplyBoard,Waterloo,Canada,North America,90,6.0,1500,1410,Education,Series D,2022
HealthMatch,Sydney,Australia,Australia,18,50.0,36,18,Healthcare,Series B,2022
Bustle Digital Group,New York City,USA,North America,24,8.0,300,276,Media,Series E,2020
Klook,Hong Kong,Hong Kong,Asia,300,15.0,2000,1700,Travel,Series D,2020
Button,New York City,USA,North America,48,35.0,137,89,Marketing,Series C,2020
Happay,Bengaluru,India,Asia,160,35.0,457,297,Finance,Acquired,2023
Uber,San Francisco Bay Area,USA,North America,200,0.9961647656522389,20077,19877,Transportation,Post-IPO,2023
Divergent 3D,Los Angeles,USA,North America,57,36.0,158,101,Transportation,Series B,2020
AppFolio,Santa Barbara,USA,North America,149,9.0,1656,1507,Real Estate,Post-IPO,2023
WeWork,New Delhi,India,Asia,100,20.0,500,400,Real Estate,Series H,2020
Point,San Francisco Bay Area,USA,North America,61,28.0,218,157,Real Estate,Series C,2023
Lyst,London,United Kingdom,Europe,50,25.0,200,150,Retail,Unknown,2022
Swyft,Toronto,Canada,North America,10,30.0,33,23,Logistics,Series A,2022
Homebot,Denver,USA,North America,18,13.0,138,120,Real Estate,Acquired,2022
Outbrain,New York City,USA,North America,90,10.0,900,810,Marketing,Post-IPO,2023
Talent.com,Montreal,Canada,North America,86,18.0,478,392,Recruiting,Series B,2023
Ericsson,Stockholm,Sweden,Europe,8500,8.0,106250,97750,Other,Post-IPO,2023
Jumio,San Francisco Bay Area,USA,North America,100,6.0,1667,1567,Security,Private Equity …,2023
Playdots,New York City,USA,North America,65,100.0,65,0,Consumer,Acquired,2022
MiSan Franciscoits Market,Philadelphia,USA,North America,649,33.0,1967,1318,Food,Series C,2023
Planet,San Francisco Bay Area,USA,North America,117,10.0,1170,1053,Aerospace,Post-IPO,2023
BioMarin,San Francisco Bay Area,USA,North America,120,4.0,3000,2880,Healthcare,Post-IPO,2022
Calibrate,New York City,USA,North America,156,24.0,650,494,Healthcare,Series B,2022
Eroad,Auckland,New Zealand,Australia,200,31.0,645,445,Transportation,Unknown,2023
Snappy,New York City,USA,North America,100,30.0,333,233,Marketing,Series C,2023
Convoy,Seattle,USA,North America,90,7.0,1286,1196,Logistics,Series E,2022
TripActions,San Francisco Bay Area,USA,North America,300,25.0,1200,900,Travel,Series D,2020
Katerra,San Francisco Bay Area,USA,North America,400,7.0,5714,5314,Construction,Series E,2020
Toast,Boston,USA,North America,1300,50.0,2600,1300,Food,Series F,2020
Amount,Chicago,USA,North America,130,25.0,520,390,Finance,Unknown,2023
App Annie,San Francisco Bay Area,USA,North America,80,18.0,444,364,Data,Unknown,2020
Mixpanel,San Francisco Bay Area,USA,North America,65,19.0,342,277,Data,Series B,2020
Luno,London,United Kingdom,Europe,330,35.0,943,613,Crypto,Acquired,2023
Astronomer,Cincinnati,USA,North America,100,40.0,250,150,Data,Series C,2023
Careem,Dubai,United Arabian Emirates,Asia,536,31.0,1729,1193,Transportation,Acquired,2020
FrontRow,Bengaluru,India,Asia,145,30.0,483,338,Education,Series A,2022
Stytch,San Francisco Bay Area,USA,North America,19,25.0,76,57,Security,Series B,2023
Deepwatch,Tampa Bay,USA,North America,30,7.0,429,399,Security,Series C,2023
Ike,San Francisco Bay Area,USA,North America,10,14.0,71,61,Transportation,Series A,2020
Brex,San Francisco Bay Area,USA,North America,136,11.0,1236,1100,Finance,Series D,2022
Boost,New York City,USA,North America,15,20.0,75,60,Finance,Series B,2023
Spyce,Boston,USA,North America,4,12.0,33,29,Food,Series A,2020
Loftsmart,New York City,USA,North America,25,75.0,33,8,Real Estate,Series A,2020
Zeplin,San Francisco Bay Area,USA,North America,37,35.0,106,69,Product,Seed,2023
Augury,New York City,USA,North America,70,18.0,389,319,Manufacturing,Series E,2023
Alto Pharmacy,San Francisco Bay Area,USA,North America,47,6.0,783,736,Healthcare,Series D,2020
WeTranSan Franciscoer,Amsterdam,Netherlands,Europe,35,10.0,350,315,Other,Series A,2023
The Predictive Investment,Boston,USA,North America,59,25.0,236,177,HR,Acquired,2020
Blend,San Francisco Bay Area,USA,North America,340,28.0,1214,874,Finance,Post-IPO,2023
Tipalti,San Francisco Bay Area,USA,North America,123,11.0,1118,995,Finance,Series F,2023
uShip,Austin,USA,North America,65,37.0,176,111,Logistics,Series D,2020
Eatsy,Singapore,Singapore,Asia,20,100.0,20,0,Food,Seed,2020
Immutable,Sydney,Australia,Australia,20,6.0,333,313,Crypto,Series C,2022
Wave Sports and Entertainment,Los Angeles,USA,North America,56,33.0,170,114,Media,Series B,2022
BlackLine,Los Angeles,USA,North America,95,5.0,1900,1805,Finance,Post-IPO,2023
Dealtale,Tel Aviv,Israel,Asia,70,100.0,70,0,Sales,Acquired,2023
Wayfair,Boston,USA,North America,870,5.0,17400,16530,Retail,Post-IPO,2022
SecureWorks,Atlanta,USA,North America,300,15.0,2000,1700,Security,Post-IPO,2023
Minute Media,London,United Kingdom,Europe,50,10.0,500,450,Media,Series I,2023
Linkfire,Copenhagen,Denmark,Europe,35,35.0,100,65,Marketing,Seed,2022
Hubba,Toronto,Canada,North America,45,100.0,45,0,Retail,Series B,2021
Avo,Tel Aviv,Israel,Asia,500,67.0,746,246,Food,Series B,2022
Lending Club,San Francisco Bay Area,USA,North America,225,14.0,1607,1382,Finance,Post-IPO,2023
Cybereason,Boston,USA,North America,200,17.0,1176,976,Security,Series F,2022
Gather,San Francisco Bay Area,USA,North America,30,33.0,91,61,Consumer,Series B,2022
Eucalyptus,Sydney,Australia,Australia,50,20.0,250,200,Healthcare,Series C,2022
BenchSci,Toronto,Canada,North America,70,17.0,412,342,Healthcare,Series D,2024
Swiggy,Bengaluru,India,Asia,380,6.0,6333,5953,Food,Unknown,2023
Loft,Sao Paulo,Brazil,South America,47,10.0,470,423,Real Estate,Series C,2020
Samsara,San Francisco Bay Area,USA,North America,300,18.0,1667,1367,Logistics,Series F,2020
Bright Machines,San Francisco Bay Area,USA,North America,30,8.0,375,345,Data,Unknown,2022
Wish,San Francisco Bay Area,USA,North America,255,34.0,750,495,Retail,Post-IPO,2023
Unacademy,Bengaluru,India,Asia,350,10.0,3500,3150,Education,Series H,2022
VideoAmp,Los Angeles,USA,North America,21,10.0,210,189,Marketing,Series C,2020
Katerra,San Francisco Bay Area,USA,North America,2434,100.0,2434,0,Construction,Unknown,2021
SumUp,Sao Paulo,Brazil,South America,100,3.0,3333,3233,Finance,Unknown,2022
Grabango,San Francisco Bay Area,USA,North America,34,40.0,85,51,Food,Unknown,2023
Avidbots,Kitchener,Canada,North America,50,14.0,357,307,Hardware,Series C,2023
Klarna,Stockholm,Sweden,Europe,700,10.0,7000,6300,Finance,Unknown,2022
Redfin,Seattle,USA,North America,201,4.0,5025,4824,Real Estate,Post-IPO,2023
BuzzFeed,New York City,USA,North America,180,15.0,1200,1020,Media,Post-IPO,2023
Bitwise,Fresno,USA,North America,900,100.0,900,0,Crypto,Series B,2023
Dynamic Signal,San Francisco Bay Area,USA,North America,35,19.0,184,149,HR,Series E,2020
Wish,San Francisco Bay Area,USA,North America,150,17.0,882,732,Retail,Post-IPO,2023
DeepVerge,Dublin,Ireland,Europe,50,100.0,50,0,Healthcare,Post-IPO,2023
Instructure,Salt Lake City,USA,North America,150,12.0,1250,1100,Education,Acquired,2020
View,San Francisco Bay Area,USA,North America,170,23.0,739,569,Other,Post-IPO,2023
Getaround,San Francisco Bay Area,USA,North America,100,25.0,400,300,Transportation,Series D,2020
Zulily,Seattle,USA,North America,839,100.0,839,0,Retail,Acquired,2023
ConsenSys,New York City,USA,North America,100,11.0,909,809,Crypto,Series D,2023
Infarm,Berlin,Germany,Europe,50,5.0,1000,950,Other,Series D,2022
FanClash,Gurugram,India,Asia,100,75.0,133,33,Consumer,Series B,2023
Juul,San Francisco Bay Area,USA,North America,400,30.0,1333,933,Consumer,Unknown,2022
Guardant Health,San Francisco Bay Area,USA,North America,130,7.0,1857,1727,Healthcare,Post-IPO,2023
Transmit Security,Boston,USA,North America,27,7.0,386,359,Security,Series A,2022
GoPro,San Francisco Bay Area,USA,North America,200,20.0,1000,800,Consumer,Post-IPO,2020
Kitopi,Dubai,United Arabian Emirates,Asia,93,10.0,930,837,Food,Series C,2022
Lendis,Berlin,Germany,Europe,18,15.0,120,102,Other,Series A,2022
Bounce,Bengaluru,India,Asia,40,5.0,800,760,Transportation,Series D,2023
Innovaccer,San Francisco Bay Area,USA,North America,90,8.0,1125,1035,Healthcare,Series E,2022
Arrive Logistics,Austin,USA,North America,75,7.0,1071,996,Logistics,Series B,2020
FrontRow,Bengaluru,India,Asia,39,90.0,43,4,Education,Series A,2023
Swiggy,Bengaluru,India,Asia,250,3.0,8333,8083,Food,Unknown,2022
Adaptive Biotechnology,Seattle,USA,North America,100,12.0,833,733,Healthcare,Post-IPO,2022
Skedulo,San Francisco Bay Area,USA,North America,31,8.0,388,357,HR,Series C,2022
D2iQ,San Francisco Bay Area,USA,North America,34,13.0,262,228,Infrastructure,Series D,2020
Immersive Labs,Bristol,United Kingdom,Europe,38,10.0,380,342,Security,Series C,2022
Teachmint,Bengaluru,India,Asia,45,5.0,900,855,Education,Series B,2022
Western Digital,Kfar Saba,Israel,Asia,60,7.0,857,797,Hardware,Post-IPO,2023
Mogo,Vancouver,Canada,North America,78,30.0,260,182,Finance,Post-IPO,2020
Compass,New York City,USA,North America,271,6.691358024691358,4050,3779,Real Estate,Post-IPO,2022
SundaySky,New York City,USA,North America,24,13.0,185,161,Marketing,Series D,2022
Superhuman,San Francisco Bay Area,USA,North America,23,22.0,105,82,Consumer,Series C,2022
Nylas,San Francisco Bay Area,USA,North America,80,25.0,320,240,Product,Series C,2022
HopSkipDrive,Los Angeles,USA,North America,8,10.0,80,72,Transportation,Unknown,2020
Humane,San Francisco Bay Area,USA,North America,10,4.0,250,240,Hardware,Series C,2024
Etsy,New York City,USA,North America,225,11.0,2045,1820,Retail,Post-IPO,2023
iRobot,Boston,USA,North America,140,10.0,1400,1260,Consumer,Acquired,2022
Beyond Meat,Los Angeles,USA,North America,200,19.0,1053,853,Food,Post-IPO,2022
Sonos,New York City,USA,North America,174,12.0,1450,1276,Consumer,Post-IPO,2020
Protocol Labs,San Francisco Bay Area,USA,North America,89,20.0,445,356,Crypto,Unknown,2023
Bolt,San Francisco Bay Area,USA,North America,240,27.0,889,649,Finance,Series E,2022
iRobot,Boston,USA,North America,85,7.0,1214,1129,Consumer,Acquired,2023
Udayy,Gurugram,India,Asia,100,100.0,100,0,Education,Seed,2022
Procore,Los Angeles,USA,North America,180,9.0,2000,1820,Construction,Unknown,2020
TrueCar,Los Angeles,USA,North America,219,30.0,730,511,Transportation,Post-IPO,2020
Electronic Arts,San Francisco Bay Area,USA,North America,780,6.0,13000,12220,Consumer,Post-IPO,2023
Ethos Life,San Francisco Bay Area,USA,North America,18,14.0,129,111,Finance,Series C,2020
Software AG,Frankfurt,Germany,Europe,200,4.0,5000,4800,Data,Post-IPO,2023
Homie,Salt Lake City,USA,North America,119,29.0,410,291,Real Estate,Series B,2022
Heroes,London,United Kingdom,Europe,24,20.0,120,96,Retail,Unknown,2022
Pilot,San Francisco Bay Area,USA,North America,45,13.0,346,301,Finance,Unknown,2023
Aqua Security,Boston,USA,North America,65,10.0,650,585,Security,Series E,2022
GoBear,Singapore,Singapore,Asia,22,11.0,200,178,Finance,Unknown,2020
Voyage SMS,Los Angeles,USA,North America,8,13.0,62,54,Marketing,Unknown,2022
Coding Dojo,Seattle,USA,North America,7,7.0,100,93,Education,Unknown,2020
RigUp,Austin,USA,North America,120,25.0,480,360,Energy,Series D,2020
Lattice,San Francisco Bay Area,USA,North America,105,15.0,700,595,HR,Series F,2023
Springbig,Miami,USA,North America,37,23.0,161,124,Sales,Post-IPO,2022
Daily Harvest,New York City,USA,North America,60,20.0,300,240,Food,Series D,2022
WalkMe,San Francisco Bay Area,USA,North America,112,10.0,1120,1008,Other,Post-IPO,2023
FarEye,New Delhi,India,Asia,250,30.0,833,583,Logistics,Series E,2022
Culture Amp,Melbourne,Australia,Australia,90,9.0,1000,910,HR,Series F,2023
Sisense,New York City,USA,North America,80,9.0,889,809,Data,Series F,2020
Movidesk,Blumenau,Brazil,South America,33,25.0,132,99,Support,Seed,2020
Megaport,Brisbane,Australia,Australia,50,16.0,313,263,Infrastructure,Post-IPO,2023
Twiga,Nairobi,Kenya,Africa,283,33.0,858,575,Food,Series C,2023
Olo,New York City,USA,North America,81,11.0,736,655,Food,Post-IPO,2023
RealSelf,Seattle,USA,North America,11,5.0,220,209,Healthcare,Series B,2022
FrontRow,Bengaluru,India,Asia,130,75.0,173,43,Education,Series A,2022
Skyscanner,Edinburgh,United Kingdom,Europe,300,20.0,1500,1200,Travel,Acquired,2020
Loom,San Francisco Bay Area,USA,North America,34,14.0,243,209,Product,Series C,2022
Clarify Health,San Francisco Bay Area,USA,North America,15,5.0,300,285,Healthcare,Series D,2022
Plex,San Francisco Bay Area,USA,North America,37,20.0,185,148,Media,Unknown,2023
Rhino,New York City,USA,North America,57,20.0,285,228,Real Estate,Unknown,2022
Citrine Informatics,San Francisco Bay Area,USA,North America,22,27.0,81,59,Data,Series C,2023
Swappie,Helsinki,Finland,Europe,250,17.0,1471,1221,Retail,Series C,2022
CyCognito,San Francisco Bay Area,USA,North America,30,15.0,200,170,Security,Series C,2022
Rivian,Detroit,USA,North America,40,2.0,2000,1960,Transportation,Private Equity …,2020
BlackLine,Los Angeles,USA,North America,95,5.0,1900,1805,Finance,Private Equity …,2022
Sojern,San Francisco Bay Area,USA,North America,300,50.0,600,300,Marketing,Series D,2020
Zoom,San Francisco Bay Area,USA,North America,1300,15.0,8667,7367,Other,Post-IPO,2023
Confluent,San Francisco Bay Area,USA,North America,221,8.0,2763,2542,Data,Post-IPO,2023
ShareChat,Bengaluru,India,Asia,200,15.0,1333,1133,Consumer,Series H,2023
Highspot,Seattle,USA,North America,100,10.0,1000,900,Sales,Series F,2023
KeepTruckin,San Francisco Bay Area,USA,North America,349,18.0,1939,1590,Logistics,Series D,2020
Micron,Boise,USA,North America,4800,10.0,48000,43200,Hardware,Post-IPO,2023
Oscar Health,New York City,USA,North America,70,5.0,1400,1330,Healthcare,Unknown,2020
Evolve,Denver,USA,North America,175,20.0,875,700,Travel,Series F,2023
Equitybee,San Francisco Bay Area,USA,North America,25,20.0,125,100,Finance,Series B,2022
Nevro,San Francisco Bay Area,USA,North America,63,5.0,1260,1197,Healthcare,Post-IPO,2024
Yojak,Gurugram,India,Asia,140,50.0,280,140,Construction,Seed,2022
eToro,Tel Aviv,Israel,Asia,100,6.0,1667,1567,Finance,Unknown,2022
Evolve,Denver,USA,North America,164,14.0,1171,1007,Travel,Series F,2023
ForeScout,Tel Aviv,Israel,Asia,100,10.0,1000,900,Security,Acquired,2023
Perfect Day,San Francisco Bay Area,USA,North America,134,15.0,893,759,Food,Series D,2023
Tally,San Francisco Bay Area,USA,North America,28,23.0,122,94,Finance,Series C,2020
Netlify,San Francisco Bay Area,USA,North America,48,16.0,300,252,Product,Series D,2022
Compete,Tel Aviv,Israel,Asia,11,28.0,39,28,HR,Series A,2022
Discord,San Francisco Bay Area,USA,North America,37,4.0,925,888,Consumer,Series H,2023
B8ta,San Francisco Bay Area,USA,North America,250,50.0,500,250,Retail,Series C,2020
Lemonade,New York City,USA,North America,45,3.0,1500,1455,Finance,Post-IPO,2023
MasterClass,San Francisco Bay Area,USA,North America,120,20.0,600,480,Education,Series E,2022
Outreach,Seattle,USA,North America,60,5.0,1200,1140,Sales,Series G,2022
Teladoc Health,New York City,USA,North America,300,6.0,5000,4700,Healthcare,Post-IPO,2023
Guideline,San Francisco Bay Area,USA,North America,48,11.0,436,388,Finance,Series E,2023
Kenko Health,Mumbai,India,Asia,50,20.0,250,200,Healthcare,Series A,2023
Fiverr,Tel Aviv,Israel,Asia,60,8.0,750,690,Other,Post-IPO,2022
Torii,Ra'anana,Israel,Asia,28,30.0,93,65,Other,Series B,2023
Eventbrite,San Francisco Bay Area,USA,North America,80,8.0,1000,920,Consumer,Post-IPO,2023
Textio,Seattle,USA,North America,30,20.0,150,120,Recruiting,Unknown,2020
Dropp,Berlin,Germany,Europe,60,100.0,60,0,Retail,Unknown,2023
Zeus Living,San Francisco Bay Area,USA,North America,80,30.0,267,187,Real Estate,Series B,2020
Kickstarter,New York City,USA,North America,25,18.0,139,114,Finance,Unknown,2020
C2FO,Kansas City,USA,North America,20,2.0,1000,980,Finance,Series H,2022
QuintoAndar,Sao Paulo,Brazil,South America,160,4.0,4000,3840,Real Estate,Series E,2022
Kiavi,San Francisco Bay Area,USA,North America,39,7.0,557,518,Real Estate,Series E,2022
Wheel,Austin,USA,North America,56,28.0,200,144,Healthcare,Series C,2023
Xentral,Munich,Germany,Europe,20,10.0,200,180,Product,Series B,2022
ThirdLove,San Francisco Bay Area,USA,North America,65,30.0,217,152,Retail,Series B,2020
GitLab,San Francisco Bay Area,USA,North America,130,7.0,1857,1727,Product,Post-IPO,2023
nCino,Wilmington,USA,North America,100,7.0,1429,1329,Finance,Post-IPO,2023
ZoomInfo,Vancouver,Canada,North America,120,3.0,4000,3880,Sales,Post-IPO,2023
Nomad Health,New York City,USA,North America,119,17.0,700,581,Healthcare,Unknown,2023
Grover,Berlin,Germany,Europe,40,10.0,400,360,Retail,Unknown,2022
Meesho,Bengaluru,India,Asia,251,15.0,1673,1422,Retail,Series F,2023
BlockFi,New York City,USA,North America,250,20.0,1250,1000,Crypto,Series E,2022
Sage Therapeutics,Boston,USA,North America,340,53.0,642,302,Healthcare,Post-IPO,2020
ezCater,Boston,USA,North America,400,44.0,909,509,Food,Series D,2020
Mux,San Francisco Bay Area,USA,North America,40,30.0,133,93,Infrastructure,Series D,2023
BookClub,Salt Lake City,USA,North America,12,25.0,48,36,Education,Series A,2022
OrCam,Jerusalem,Israel,Asia,62,16.0,388,326,Healthcare,Unknown,2022
Project44,Chicago,USA,North America,130,10.0,1300,1170,Logistics,Unknown,2023
Lithic,New York City,USA,North America,27,18.0,150,123,Finance,Series C,2022
Zomato,Gurugram,India,Asia,520,13.0,4000,3480,Food,Series J,2020
Stord,Atlanta,USA,North America,59,8.0,738,679,Logistics,Series D,2022
Edgio,Phoenix,USA,North America,95,10.0,950,855,Infrastructure,Post-IPO,2022
Zebra Technologies,Chicago,USA,North America,700,7.0,10000,9300,Manufacturing,Post-IPO,2023
Namely,New York City,USA,North America,110,40.0,275,165,HR,Series E,2020
Intercom,San Francisco Bay Area,USA,North America,124,13.0,954,830,Support,Series D,2022
Pliops,Tel Aviv,Israel,Asia,12,9.0,133,121,Data,Series D,2022
Hotmart,Belo Horizonte,Brazil,South America,227,12.0,1892,1665,Marketing,Series C,2022
Hopin,London,United Kingdom,Europe,242,29.0,834,592,Other,Series D,2022
Community Gami…,New York City,USA,North America,17,17.0,100,83,Crypto,Series A,2023
54gene,Washington DC,USA,North America,95,30.0,317,222,Healthcare,Series B,2022
Chief,New York City,USA,North America,43,14.0,307,264,Other,Series B,2023
Dragos,Baltimore,USA,North America,50,9.0,556,506,Security,Series D,2023
ClickUp,San Diego,USA,North America,90,10.0,900,810,Other,Series C,2023
Hopin,London,United Kingdom,Europe,138,12.0,1150,1012,Other,Series D,2022
Vroom,New York City,USA,North America,270,14.0,1929,1659,Transportation,Post-IPO,2022
Industrious,New York City,USA,North America,90,20.0,450,360,Real Estate,Series D,2020
Redbubble,Melbourne,Australia,Australia,70,23.0,304,234,Retail,Post-IPO,2023
SchoolMint,San Francisco Bay Area,USA,North America,29,14.0,207,178,Education,Acquired,2023
Moss,Berlin,Germany,Europe,70,15.0,467,397,Finance,Series B,2022
Figure,San Francisco Bay Area,USA,North America,90,20.0,450,360,Crypto,Unknown,2023
Deepgram,San Francisco Bay Area,USA,North America,20,20.0,100,80,AI,Series B,2023
Amazon,Seattle,USA,North America,10000,3.0,333333,323333,Retail,Post-IPO,2022
GetNinjas,Sao Paulo,Brazil,South America,11,10.0,110,99,Consumer,Series B,2020
Automation Anything,San Francisco Bay Area,USA,North America,260,10.0,2600,2340,Other,Series B,2020
Blueground,New York City,USA,North America,130,25.0,520,390,Real Estate,Series B,2020
BigCommerce,Austin,USA,North America,180,13.0,1385,1205,Retail,Post-IPO,2022
UpScalio,Gurugram,India,Asia,25,15.0,167,142,Retail,Series B,2023
Faire,San Francisco Bay Area,USA,North America,250,20.0,1250,1000,Retail,Series G,2023
Culture Trip,London,United Kingdom,Europe,95,32.0,297,202,Media,Series B,2020
Compass,New York City,USA,North America,450,10.0,4500,4050,Real Estate,Post-IPO,2022
Omuni,Bengaluru,India,Asia,60,35.0,171,111,Retail,Acquired,2023
Huobi,Bejing,China,Asia,300,30.0,1000,700,Crypto,Unknown,2022
PayJoy,San Francisco Bay Area,USA,North America,27,25.0,108,81,Finance,Series B,2020
Exterro,Portland,USA,North America,24,3.0,800,776,Legal,Private Equity …,2023
Otonomo,Tel Aviv,Israel,Asia,80,50.0,160,80,Transportation,Post-IPO,2022
Anodot,Tel Aviv,Israel,Asia,35,27.0,130,95,Data,Series C,2022
Shop101,Mumbai,India,Asia,200,40.0,500,300,Retail,Series C,2020
Shakepay,Montreal,Canada,North America,21,25.0,84,63,Crypto,Series A,2023
Reali,San Francisco Bay Area,USA,North America,140,100.0,140,0,Real Estate,Series B,2022
Pendo,Raleigh,USA,North America,45,5.0,900,855,Product,Series F,2022
Rhumbix,San Francisco Bay Area,USA,North America,16,27.0,59,43,Construction,Series B,2020
StreamElements,Tel Aviv,Israel,Asia,40,20.0,200,160,Media,Series B,2023
Glassdoor,San Francisco Bay Area,USA,North America,140,15.0,933,793,HR,Acquired,2023
Atlas,Chicago,USA,North America,150,30.0,500,350,HR,Series B,2023
Ynsect,Paris,France,Europe,17,25.0,68,51,Food,Series D,2023
Qualtrics,Salt Lake City,USA,North America,270,5.0,5400,5130,Other,Post-IPO,2023
PartnerStack,Toronto,Canada,North America,40,20.0,200,160,Sales,Series B,2023
Dock,Sao Paulo,Brazil,South America,190,12.0,1583,1393,Finance,Private Equity …,2022
Flink,Berlin,Germany,Europe,100,16.0,625,525,Food,Series B,2023
Our Next Energy,Detroit,USA,North America,128,25.0,512,384,Transportation,Series B,2023
Funding Societies,Singapore,Singapore,Asia,65,18.0,361,296,Finance,Series B,2020
2TM,Sao Paulo,Brazil,South America,90,12.0,750,660,Crypto,Unknown,2022
GoDaddy,Phoenix,USA,North America,530,8.0,6625,6095,Marketing,Post-IPO,2023
Freetrade,London,United Kingdom,Europe,45,15.0,300,255,Finance,Unknown,2022
Clutch,Toronto,Canada,North America,76,22.0,345,269,Transportation,Series B,2022
InfluxData,San Francisco Bay Area,USA,North America,65,27.0,241,176,Data,Series D,2022
Chargebee,San Francisco Bay Area,USA,North America,100,10.0,1000,900,Finance,Series H,2023
Meesho,Bengaluru,India,Asia,200,28.0,714,514,Retail,Series D,2020
Freshworks,San Francisco Bay Area,USA,North America,114,2.0,5700,5586,Support,Post-IPO,2023
Livspace,Bengaluru,India,Asia,450,15.0,3000,2550,Retail,Series D,2020
Nate,New York City,USA,North America,30,20.0,150,120,Retail,Series A,2022
Bounce,Bengaluru,India,Asia,200,40.0,500,300,Transportation,Series D,2021
Discord,San Francisco Bay Area,USA,North America,170,17.0,1000,830,Consumer,Series H,2024
Meta,San Francisco Bay Area,USA,North America,10000,13.5841170323929,73615,63615,Consumer,Post-IPO,2023
Bounce,Bengaluru,India,Asia,130,22.0,591,461,Transportation,Series D,2020
Truiloo,Vancouver,Canada,North America,24,5.0,480,456,Security,Series D,2022
PayPal,San Francisco Bay Area,USA,North America,2000,7.0,28571,26571,Finance,Post-IPO,2023
Minted,San Francisco Bay Area,USA,North America,147,37.0,397,250,Retail,Series E,2020
Lending Club,San Francisco Bay Area,USA,North America,172,14.0,1229,1057,Finance,Post-IPO,2023
Loop,Washington DC,USA,North America,15,20.0,75,60,Finance,Series A,2022
Clearbanc,Toronto,Canada,North America,17,8.0,213,196,Finance,Series B,2020
InfoSum,London,United Kingdom,Europe,20,12.0,167,147,Security,Series B,2022
Buenbit,Buenos Aires,Argentina,South America,80,45.0,178,98,Crypto,Series A,2022
Unbabel,Lisbon,Portugal,Europe,80,35.0,229,149,Support,Series C,2020
Candy Digital,New York City,USA,North America,33,33.0,100,67,Crypto,Series A,2022
Hibob,Tel Aviv,Israel,Asia,70,30.0,233,163,HR,Series A,2020
Spin,San Francisco Bay Area,USA,North America,78,10.0,780,702,Transportation,Acquired,2022
Q4,Toronto,Canada,North America,50,8.0,625,575,Other,Series C,2022
LinkedIn,San Francisco Bay Area,USA,North America,716,4.0,17900,17184,Recruiting,Acquired,2023
BitOasis,Dubai,United Arabian Emirates,Asia,9,5.0,180,171,Crypto,Series B,2022
Fate Therapeutics,San Diego,USA,North America,315,57.0,553,238,Healthcare,Post-IPO,2023
Teleport,San Francisco Bay Area,USA,North America,15,6.0,250,235,Infrastructure,Series C,2022
Innovaccer,San Francisco Bay Area,USA,North America,245,15.0,1633,1388,Healthcare,Series E,2023
Udacity,San Francisco Bay Area,USA,North America,55,13.0,423,368,Education,Unknown,2022
Trybe,Sao Paulo,Brazil,South America,47,10.0,470,423,Education,Series B,2022
Remote Year,Chicago,USA,North America,50,50.0,100,50,Travel,Series B,2020
Hippo Insurance,San Francisco Bay Area,USA,North America,70,10.0,700,630,Finance,Post-IPO,2022
Inspirato,Denver,USA,North America,109,12.0,908,799,Travel,Post-IPO,2023
AU10TIX,Tel Aviv,Israel,Asia,19,9.0,211,192,Security,Unknown,2023
Microsoft,Seattle,USA,North America,10000,5.0,200000,190000,Other,Post-IPO,2023
Captiv8,San Francisco Bay Area,USA,North America,8,3.0,267,259,Marketing,Unknown,2023
Instamojo,Bengaluru,India,Asia,6,6.0,100,94,Finance,Unknown,2020
SynapseFI,San Francisco Bay Area,USA,North America,63,48.0,131,68,Finance,Series B,2020
Airtable,San Francisco Bay Area,USA,North America,254,20.0,1270,1016,Product,Series F,2022
Lusha,New York City,USA,North America,30,10.0,300,270,Marketing,Series B,2022
Sabre,Dallas,USA,North America,1100,15.0,7333,6233,Travel,Post-IPO,2023
G2,Chicago,USA,North America,17,5.0,340,323,Marketing,Series C,2020
Exodus,Nebraska City,USA,North America,59,22.0,268,209,Crypto,Unknown,2022
Sarcos,Salt Lake City,USA,North America,75,25.0,300,225,Aerospace,Post-IPO,2023
Pagaya,New York City,USA,North America,140,20.0,700,560,Finance,Post-IPO,2023
AvantStay,Los Angeles,USA,North America,144,22.0,655,511,Travel,Private Equity …,2022
Socure,Reno,USA,North America,69,13.0,531,462,Finance,Series E,2022
Plum,Bengaluru,India,Asia,36,10.0,360,324,Healthcare,Series A,2022
TravelTriangle,Gurugram,India,Asia,250,50.0,500,250,Travel,Series D,2020
Top Hat,Toronto,Canada,North America,42,7.0,600,558,Education,Series E,2023
Emotive,Los Angeles,USA,North America,30,18.0,167,137,Marketing,Series B,2022
Thriver,Toronto,Canada,North America,75,50.0,150,75,Food,Series B,2020
Amplero,Seattle,USA,North America,17,100.0,17,0,Marketing,Series B,2020
Blend,San Francisco Bay Area,USA,North America,220,12.0,1833,1613,Finance,Post-IPO,2022
OneFootball,Berlin,Germany,Europe,62,12.0,517,455,Marketing,Series D,2022
Credit Sesame,San Francisco Bay Area,USA,North America,22,14.0,157,135,Finance,Series F,2020
DataRobot,Boston,USA,North America,200,16.66666666666667,1200,1000,Data,Series E,2020
Brex,San Francisco Bay Area,USA,North America,62,15.0,413,351,Finance,Series C,2020
Sisense,New York City,USA,North America,60,13.0,462,402,Data,Series F,2024
Navan,San Francisco Bay Area,USA,North America,145,5.0,2900,2755,Finance,Unknown,2023
Gitpod,Kiel,Germany,Europe,21,28.0,75,54,Product,Series A,2023
Gopuff,Philadelphia,USA,North America,100,2.0,5000,4900,Food,Series H,2023
Trax,Singapore,Singapore,Asia,80,8.0,1000,920,Retail,Series E,2022
Arrival,London,United Kingdom,Europe,200,25.0,800,600,Transportation,Post-IPO,2023
Hubilo,San Francisco Bay Area,USA,North America,45,12.0,375,330,Marketing,Series B,2022
ZipRecruiter,Los Angeles,USA,North America,270,20.0,1350,1080,Recruiting,Post-IPO,2023
8x8,San Francisco Bay Area,USA,North America,155,7.0,2214,2059,Support,Post-IPO,2023
Pear Therapeutics,Boston,USA,North America,59,22.0,268,209,Healthcare,Post-IPO,2022
Tonal,San Francisco Bay Area,USA,North America,262,35.0,749,487,Fitness,Series E,2022
FreshBooks,Toronto,Canada,North America,80,10.0,800,720,Finance,Unknown,2023
Knotel,New York City,USA,North America,20,8.0,250,230,Real Estate,Series C,2020
Lightspeed Company,Montreal,Canada,North America,300,10.0,3000,2700,Retail,Post-IPO,2023
DocuSign,San Francisco Bay Area,USA,North America,671,9.0,7456,6785,Sales,Post-IPO,2022
Jump,New York City,USA,North America,500,100.0,500,0,Transportation,Acquired,2020
Lighter Capital,Seattle,USA,North America,18,22.0,82,64,Finance,Series B,2020
Wildlife Studios,Sao Paulo,Brazil,South America,300,20.0,1500,1200,Consumer,Unknown,2022
Synergysuite,Salt Lake City,USA,North America,5,7.0,71,66,Food,Series A,2020
Pacaso,San Francisco Bay Area,USA,North America,100,30.0,333,233,Real Estate,Series C,2022
Mux,San Francisco Bay Area,USA,North America,40,20.0,200,160,Infrastructure,Series D,2022
Superpedestrian,Boston,USA,North America,35,7.0,500,465,Transportation,Series C,2022
Parsable,San Francisco Bay Area,USA,North America,40,25.0,160,120,HR,Series C,2020
SQream,New York City,USA,North America,30,18.0,167,137,Data,Series B,2022
Convene,New York City,USA,North America,150,18.0,833,683,Real Estate,Series D,2020
Edgio,Phoenix,USA,North America,134,12.0,1117,983,Infrastructure,Post-IPO,2023
Bitpanda,Vienna,Austria,Europe,270,27.0,1000,730,Crypto,Series C,2022
Lacework,San Francisco Bay Area,USA,North America,300,20.0,1500,1200,Security,Series D,2022
Frontdesk,Milwaukee,USA,North America,200,100.0,200,0,Travel,Unknown,2024
Crossbeam,Philadelphia,USA,North America,17,15.0,113,96,Sales,Series C,2023
Dark,San Francisco Bay Area,USA,North America,6,100.0,6,0,Product,Seed,2020
Deliveroo,London,United Kingdom,Europe,350,9.0,3889,3539,Food,Post-IPO,2023
Earnin,San Francisco Bay Area,USA,North America,50,20.0,250,200,Finance,Series C,2020
Zepz,London,United Kingdom,Europe,30,2.0,1500,1470,Finance,Series E,2023
Houzz,San Francisco Bay Area,USA,North America,95,8.0,1188,1093,Consumer,Series E,2022
Netflix,San Francisco Bay Area,USA,North America,150,1.0,15000,14850,Media,Post-IPO,2022
DigitalOcean,New York City,USA,North America,200,11.0,1818,1618,Infrastructure,Post-IPO,2023
Shogun,San Francisco Bay Area,USA,North America,48,30.0,160,112,Retail,Series C,2022
Repertoire Immu…,Boston,USA,North America,65,50.0,130,65,Healthcare,Series B,2022
Zume,Camarillo,USA,North America,200,67.0,299,99,Food,Unknown,2020
Glitch,New York City,USA,North America,18,36.0,50,32,Product,Series A,2020
Mainstreet,San Francisco Bay Area,USA,North America,45,30.0,150,105,Finance,Series A,2022
IronNet,Washington DC,USA,North America,90,35.0,257,167,Security,Post-IPO,2022
Benchling,San Francisco Bay Area,USA,North America,74,9.0,822,748,Other,Series F,2023
Stash,New York City,USA,North America,40,10.0,400,360,Finance,Unknown,2023
Liv Up,Sao Paulo,Brazil,South America,100,15.0,667,567,Food,Series D,2022
Archipelago,San Francisco Bay Area,USA,North America,40,30.0,133,93,Real Estate,Series B,2023
Bryter,Berlin,Germany,Europe,100,30.0,333,233,Product,Series B,2022
Calm,San Francisco Bay Area,USA,North America,90,20.0,450,360,Healthcare,Series C,2022
Chipper Cash,San Francisco Bay Area,USA,North America,50,13.0,385,335,Finance,Series C,2022
Permutive,London,United Kingdom,Europe,30,12.0,250,220,Marketing,Series C,2022
Beyond Meat,Los Angeles,USA,North America,65,8.0,813,748,Food,Post-IPO,2023
Eightfold AI,San Francisco Bay Area,USA,North America,90,15.0,600,510,HR,Series E,2023
UPshow,Chicago,USA,North America,19,30.0,63,44,Marketing,Series A,2020
REE Automotive,Tel Aviv,Israel,Asia,31,11.0,282,251,Transportation,Post-IPO,2023
American Robotics,Boston,USA,North America,50,65.0,77,27,Other,Acquired,2023
Augury,New York City,USA,North America,20,5.0,400,380,Manufacturing,Series E,2023
Rapid,San Francisco Bay Area,USA,North America,115,50.0,230,115,Finance,Series D,2023
Community,Los Angeles,USA,North America,40,30.0,133,93,Marketing,Unknown,2022
Stay Alfred,Spokane,USA,North America,221,100.0,221,0,Travel,Series B,2020
Doma,San Francisco Bay Area,USA,North America,310,15.0,2067,1757,Finance,Post-IPO,2022
OutboundEngine,Austin,USA,North America,52,28.0,186,134,Marketing,Series C,2020
BetterUp,San Francisco Bay Area,USA,North America,100,16.0,625,525,HR,Series E,2023
AliExpress Russia,Moscow,Russia,Europe,400,40.0,1000,600,Retail,Acquired,2022
Kitty Hawk,San Francisco Bay Area,USA,North America,100,100.0,100,0,Aerospace,Unknown,2022
ClickUp,San Diego,USA,North America,60,7.0,857,797,Other,Series C,2022
TaxBit,San Francisco Bay Area,USA,North America,80,40.0,200,120,Crypto,Unknown,2023
Forward,San Francisco Bay Area,USA,North America,10,3.0,333,323,Healthcare,Series C,2020
Trigo,Tel Aviv,Israel,Asia,30,15.0,200,170,Retail,Series C,2024
Stedi,Boulder,USA,North America,23,30.0,77,54,Product,Series B,2022
Deliveroo Australia,Melbourne,Australia,Australia,120,100.0,120,0,Food,Post-IPO,2022
LivePerson,New York City,USA,North America,193,11.0,1755,1562,Support,Post-IPO,2022
Lime,San Francisco Bay Area,USA,North America,80,13.0,615,535,Transportation,Series D,2020
JD.ID,Jakarta,Indonesia,Asia,200,30.0,667,467,Retail,Post-IPO,2022
Carvana,Phoenix,USA,North America,1500,8.0,18750,17250,Transportation,Post-IPO,2022
Skai,Tel Aviv,Israel,Asia,30,4.0,750,720,Marketing,Series E,2022
Relativity,Chicago,USA,North America,150,10.0,1500,1350,Legal,Private Equity …,2022
Oda,Oslo,Norway,Europe,70,6.0,1167,1097,Food,Unknown,2022
Quantcast,San Francisco Bay Area,USA,North America,30,5.0,600,570,Marketing,Series C,2020
Glossier,New York City,USA,North America,19,8.0,238,219,Retail,Series E,2022
AudioCodes,Tel Aviv,Israel,Asia,80,6.0,1333,1253,Other,Post-IPO,2023
Plato,San Francisco Bay Area,USA,North America,29,50.0,58,29,HR,Seed,2022
The Mom Project,Chicago,USA,North America,54,15.0,360,306,HR,Series C,2022
Freightos,Miami,USA,North America,50,13.0,385,335,Logistics,Post-IPO,2023
Synapsica,New Delhi,India,Asia,30,30.0,100,70,Healthcare,Series A,2022
Kry,Stockholm,Sweden,Europe,300,10.0,3000,2700,Healthcare,Series D,2022
Workday,San Francisco Bay Area,USA,North America,525,3.0,17500,16975,HR,Post-IPO,2023
Smallcase,Bengaluru,India,Asia,15,4.0,375,360,Finance,Series C,2023
Elinvar,Berlin,Germany,Europe,43,33.0,130,87,Finance,Unknown,2022
Sami,Sao Paulo,Brazil,South America,75,15.0,500,425,Healthcare,Unknown,2022
Forma.ai,Toronto,Canada,North America,15,9.0,167,152,Sales,Series B,2022
WanderJaunt,San Francisco Bay Area,USA,North America,85,100.0,85,0,Travel,Series B,2022
Synapse,San Francisco Bay Area,USA,North America,86,40.0,215,129,Finance,Series B,2023
Freshbooks,Toronto,Canada,North America,38,9.0,422,384,Finance,Series B,2020
Coterie Insurance,Cincinnati,USA,North America,30,20.0,150,120,Finance,Series B,2022
Unity,San Francisco Bay Area,USA,North America,200,4.0,5000,4800,Other,Post-IPO,2022
Mejuri,Toronto,Canada,North America,50,10.0,500,450,Retail,Series B,2022
Cruise,San Francisco Bay Area,USA,North America,900,24.0,3750,2850,Transportation,Acquired,2023
Vedantu,Bengaluru,India,Asia,424,7.0,6057,5633,Education,Series E,2022
Indeed,Austin,USA,North America,2200,15.0,14667,12467,HR,Acquired,2023
Fundbox,San Francisco Bay Area,USA,North America,14,15.0,93,79,Finance,Series C,2020
Rock Content,Belo Horizonte,Brazil,South America,100,20.0,500,400,Marketing,Series A,2020
Flexport,San Francisco Bay Area,USA,North America,640,20.0,3200,2560,Logistics,Series E,2023
Cars24,Gurugram,India,Asia,600,6.0,10000,9400,Transportation,Series G,2022
ChowNow,Los Angeles,USA,North America,100,20.0,500,400,Food,Series C,2022
Clinc,Ann Arbor,USA,North America,40,32.0,125,85,Support,Series B,2020
Outreach,Seattle,USA,North America,70,7.0,1000,930,Sales,Series G,2023
The Athletic,San Francisco Bay Area,USA,North America,46,8.0,575,529,Media,Series D,2020
Fireblocks,New York City,USA,North America,30,5.0,600,570,Crypto,Series E,2023
Grubhub,San Francisco Bay Area,USA,North America,400,15.0,2667,2267,Food,Acquired,2023
Lokalise,Dover,USA,North America,76,23.0,330,254,Other,Series B,2022
Fi.Money,Bengaluru,India,Asia,30,10.0,300,270,Finance,Series C,2023
Matterport,San Francisco Bay Area,USA,North America,90,34.0,265,175,Data,Series D,2020
GoodRx,Los Angeles,USA,North America,140,16.0,875,735,Healthcare,Post-IPO,2022
Wave,Dakar,Senegal,Africa,300,15.0,2000,1700,Finance,Series A,2022
SaleSan Franciscoorce,San Francisco Bay Area,USA,North America,8000,10.0,80000,72000,Sales,Post-IPO,2023
IRL,San Francisco Bay Area,USA,North America,25,25.0,100,75,Consumer,Series C,2022
Antidote Health,Tel Aviv,Israel,Asia,23,38.0,61,38,Healthcare,Unknown,2022
Innovid,New York City,USA,North America,40,10.0,400,360,Marketing,Post-IPO,2023
Motive,San Francisco Bay Area,USA,North America,237,6.0,3950,3713,Transportation,Series F,2022
Smartsheet,Seattle,USA,North America,85,3.0,2833,2748,Other,Post-IPO,2023
Physics Wallah,Noida,India,Asia,120,1.0,12000,11880,Education,Series A,2023
Built In,Chicago,USA,North America,50,25.0,200,150,Recruiting,Series C,2022
C2FO,Kansas City,USA,North America,80,3.0,2667,2587,Finance,Series H,2023
Vouch,San Francisco Bay Area,USA,North America,15,7.0,214,199,Finance,Series C,2022
Project44,Chicago,USA,North America,63,5.0,1260,1197,Logistics,Unknown,2022
Code42,Minneapolis,USA,North America,25,5.0,500,475,Data,Series B,2020
Enjoei,Sao Paulo,Brazil,South America,31,10.0,310,279,Retail,Unknown,2023
Unacademy,Bengaluru,India,Asia,150,3.0,5000,4850,Education,Series H,2022
Grin,Sacramento,USA,North America,60,13.0,462,402,Marketing,Series B,2022
FourKites,Chicago,USA,North America,60,8.0,750,690,Logistics,Series D,2022
New Relic,San Francisco Bay Area,USA,North America,160,7.0,2286,2126,Infrastructure,Post-IPO,2021
ZestMoney,Bengaluru,India,Asia,100,20.0,500,400,Finance,Series C,2023
Latch,New York City,USA,North America,115,37.0,311,196,Security,Post-IPO,2022
ChowNow,Los Angeles,USA,North America,40,10.0,400,360,Food,Series C,2022
Trybe,Sao Paulo,Brazil,South America,128,35.0,366,238,Education,Series B,2023
Bird,Los Angeles,USA,North America,138,23.0,600,462,Transportation,Post-IPO,2022
Loft,Sao Paulo,Brazil,South America,384,12.0,3200,2816,Real Estate,Unknown,2022
Dapper Labs,Vancouver,Canada,North America,134,22.0,609,475,Crypto,Series D,2022
8x8,San Francisco Bay Area,USA,North America,200,9.0,2222,2022,Support,Post-IPO,2022
Cisco,San Francisco Bay Area,USA,North America,4100,5.0,82000,77900,Infrastructure,Post-IPO,2022
PeerStreet,Los Angeles,USA,North America,51,30.0,170,119,Finance,Series C,2020
Dataminr,New York City,USA,North America,150,20.0,750,600,AI,Series F,2023
Highsnobiety,Berlin,Germany,Europe,24,10.0,240,216,Media,Acquired,2023
Weee!,Fremont,USA,North America,150,10.0,1500,1350,Food,Series E,2022
SWVL,Dubai,United Arabian Emirates,Asia,400,32.0,1250,850,Transportation,Post-IPO,2022
GrayMeta,Los Angeles,USA,North America,20,40.0,50,30,Data,Unknown,2020
AudioCodes,Tel Aviv,Israel,Asia,80,6.0,1333,1253,Other,Post-IPO,2023
Gorillas,Berlin,Germany,Europe,300,50.0,600,300,Food,Series C,2022
Foodsby,Minneapolis,USA,North America,87,67.0,130,43,Food,Series B,2020
Trax,Tel Aviv,Israel,Asia,120,10.0,1200,1080,Retail,Series D,2020
Namogoo,Tel Aviv,Israel,Asia,25,15.0,167,142,Marketing,Series C,2022
Zepz,London,United Kingdom,Europe,420,26.0,1615,1195,Finance,Series E,2023
Cerebral,Walnut,USA,North America,285,15.0,1900,1615,Healthcare,Series C,2023
Alice,Sao Paulo,Brazil,South America,113,16.0,706,593,Healthcare,Series C,2022
Patreon,San Francisco Bay Area,USA,North America,30,13.0,231,201,Media,Series D,2020
TheSkimm,New York City,USA,North America,26,20.0,130,104,Media,Series C,2020
Jiobit,Chicago,USA,North America,6,21.0,29,23,Consumer,Unknown,2020
Lev,New York City,USA,North America,30,30.0,100,70,Real Estate,Series B,2022
Breather,Montreal,Canada,North America,120,80.0,150,30,Real Estate,Series D,2020
Back Market,Paris,France,Europe,93,13.0,715,622,Retail,Series E,2022
Cityblock Health,New York City,USA,North America,155,12.0,1292,1137,Healthcare,Series D,2023
Unity,San Francisco Bay Area,USA,North America,265,4.0,6625,6360,Other,Post-IPO,2023
Worksmith,Austin,USA,North America,30,50.0,60,30,Retail,Unknown,2020
Ajaib,Jakarta,Indonesia,Asia,67,8.0,838,771,Finance,Unknown,2022
Zeus Living,San Francisco Bay Area,USA,North America,64,46.0,139,75,Real Estate,Series C,2022
Top Hat,Toronto,Canada,North America,16,3.0,533,517,Education,Series D,2020
On Deck,San Francisco Bay Area,USA,North America,72,25.0,288,216,Education,Series A,2022
Lyft,San Francisco Bay Area,USA,North America,982,17.0,5776,4794,Transportation,Post-IPO,2020
Cazoo,London,United Kingdom,Europe,750,15.0,5000,4250,Transportation,Post-IPO,2022
Acko,Mumbai,India,Asia,45,9.0,500,455,Finance,Unknown,2020
Xero,Wellington,New Zealand,Australia,800,15.0,5333,4533,Finance,Post-IPO,2023
Metromile,San Francisco Bay Area,USA,North America,60,20.0,300,240,Finance,Acquired,2022
Gloat,New York City,USA,North America,35,12.0,292,257,HR,Series D,2023
Hippo Insurance,San Francisco Bay Area,USA,North America,120,20.0,600,480,Finance,Post-IPO,2023
SmartNews,Tokyo,Japan,Asia,120,40.0,300,180,Media,Series F,2023
WanderJaunt,San Francisco Bay Area,USA,North America,56,23.0,243,187,Travel,Series B,2020
TRM Labs,San Francisco Bay Area,USA,North America,16,9.0,178,162,Crypto,Series B,2023
MariaDB,San Francisco Bay Area,USA,North America,84,28.0,300,216,Data,Post-IPO,2023
AlayaCare,Montreal,Canada,North America,80,14.0,571,491,Healthcare,Series D,2022
Wish,San Francisco Bay Area,USA,North America,190,15.0,1267,1077,Retail,Post-IPO,2022
Amazon,Seattle,USA,North America,8000,2.0,400000,392000,Retail,Post-IPO,2023
Zenefits,San Francisco Bay Area,USA,North America,87,15.0,580,493,HR,Series C,2020
Flywheel Sports,New York City,USA,North America,784,98.0,800,16,Fitness,Acquired,2020
Homie,Salt Lake City,USA,North America,40,13.0,308,268,Real Estate,Series B,2022
Gympass,Sao Paulo,Brazil,South America,467,33.0,1415,948,Fitness,Series D,2020
Fifth Season,Pittsburgh,USA,North America,100,100.0,100,0,Food,Series B,2022
ConsenSys,New York City,USA,North America,91,14.0,650,559,Crypto,Unknown,2020
Zeus Living,San Francisco Bay Area,USA,North America,73,50.0,146,73,Real Estate,Series B,2020
CTO.ai,Vancouver,Canada,North America,30,50.0,60,30,Infrastructure,Seed,2020
Branch Metrics,San Francisco Bay Area,USA,North America,100,20.0,500,400,Marketing,Series E,2020
Coinsquare,Toronto,Canada,North America,30,24.0,125,95,Crypto,Unknown,2022
Reddit,San Francisco Bay Area,USA,North America,90,5.0,1800,1710,Consumer,Series F,2023
Truepill,San Francisco Bay Area,USA,North America,150,15.0,1000,850,Healthcare,Series D,2022
Zencity,Tel Aviv,Israel,Asia,30,20.0,150,120,Other,Unknown,2022
Ada Support,Toronto,Canada,North America,36,23.0,157,121,Support,Series B,2020
Niantic,San Francisco Bay Area,USA,North America,85,8.0,1063,978,Consumer,Series D,2022
SummerBio,San Francisco Bay Area,USA,North America,101,100.0,101,0,Healthcare,Unknown,2022
Chegg,San Francisco Bay Area,USA,North America,80,4.0,2000,1920,Education,Post-IPO,2023
BusBud,Montreal,Canada,North America,23,32.0,72,49,Transportation,Series B,2020
Loft,Sao Paulo,Brazil,South America,312,12.0,2600,2288,Real Estate,Unknown,2022
Cvent,Washington DC,USA,North America,400,10.0,4000,3600,Marketing,Acquired,2020
Kayak / OpenTable,Stamford,USA,North America,160,8.0,2000,1840,Travel,Acquired,2020
Milkbasket,Gurugram,India,Asia,400,67.0,597,197,Food,Acquired,2023
Pipedrive,Tallinn,Estonia,Europe,143,15.0,953,810,Sales,Private Equity …,2022
Zoox,San Francisco Bay Area,USA,North America,100,10.0,1000,900,Transportation,Series B,2020
Intercom,San Francisco Bay Area,USA,North America,39,6.0,650,611,Support,Series D,2020
Lucid Software,Salt Lake City,USA,North America,75,7.0,1071,996,Other,Series E,2023
Pendo,Raleigh,USA,North America,100,12.0,833,733,Product,Series F,2023
Wayfair,Boston,USA,North America,1750,10.0,17500,15750,Retail,Post-IPO,2023
GoSpotCheck,Denver,USA,North America,23,20.0,115,92,Retail,Series B,2020
N26,Berlin,Germany,Europe,71,4.0,1775,1704,Finance,Series E,2023
Rover,Seattle,USA,North America,194,41.0,473,279,Consumer,Series G,2020
Stitch Fix,San Francisco Bay Area,USA,North America,1400,18.0,7778,6378,Retail,Post-IPO,2020
Chipper Cash,San Francisco Bay Area,USA,North America,15,33.0,45,30,Finance,Series C,2023
Meero,Paris,France,Europe,350,50.0,700,350,Other,Series C,2022
Mejuri,Toronto,Canada,North America,36,15.0,240,204,Retail,Series B,2020
Flockjay,San Francisco Bay Area,USA,North America,37,50.0,74,37,Education,Series A,2021
Parler,Nashville,USA,North America,60,75.0,80,20,Consumer,Series B,2023
Domestika,Madrid,Spain,Europe,89,45.0,198,109,Education,Series D,2023
Sunday,Atlanta,USA,North America,90,23.0,391,301,Finance,Series A,2022
Tor,Boston,USA,North America,13,37.0,35,22,Security,Unknown,2020
Oye Rickshaw,New Delhi,India,Asia,40,20.0,200,160,Transportation,Unknown,2022
Usermind,Seattle,USA,North America,15,25.0,60,45,Marketing,Series C,2020
Chime,San Francisco Bay Area,USA,North America,156,12.0,1300,1144,Finance,Series G,2022
Beam Benefits,Columbus,USA,North America,31,8.0,388,357,Healthcare,Series E,2023
Lending Club,San Francisco Bay Area,USA,North America,460,30.0,1533,1073,Finance,Post-IPO,2020
Slite,Paris,France,Europe,10,25.0,40,30,Other,Series A,2023
GoCardless,London,United Kingdom,Europe,150,17.0,882,732,Finance,Series G,2023
Kaltura,New York City,USA,North America,75,11.0,682,607,Media,Post-IPO,2023
RenoRun,Montreal,Canada,North America,210,43.0,488,278,Construction,Series B,2022
Audible,New York City,USA,North America,100,5.0,2000,1900,Media,Acquired,2024
Aqua Security,Tel Aviv,Israel,Asia,24,9.0,267,243,Security,Series C,2020
Carwow,London,United Kingdom,Europe,70,20.0,350,280,Transportation,Unknown,2022
Notarize,Boston,USA,North America,110,25.0,440,330,Legal,Series D,2022
Headspace,Los Angeles,USA,North America,50,4.0,1250,1200,Healthcare,Unknown,2022
Kenoby,Sao Paulo,Brazil,South America,18,16.0,113,95,Recruiting,Unknown,2020
Rubicon Project,Los Angeles,USA,North America,50,8.0,625,575,Marketing,Post-IPO,2020
Sonos,New York City,USA,North America,130,7.0,1857,1727,Consumer,Post-IPO,2023
Google,San Francisco Bay Area,USA,North America,12000,6.0,200000,188000,Consumer,Post-IPO,2023
Preply,Boston,USA,North America,26,5.0,520,494,Education,Series C,2022
Showpad,Chicago,USA,North America,52,12.0,433,381,Marketing,Series D,2020
Loom,San Francisco Bay Area,USA,North America,23,11.0,209,186,Product,Series C,2022
Moglix,Singapore,Singapore,Asia,40,2.0,2000,1960,Retail,Series F,2023
Similarweb,New York City,USA,North America,60,6.0,1000,940,Other,Post-IPO,2023
Swiggy,Bengaluru,India,Asia,1100,14.0,7857,6757,Food,Series I,2020
SaleSan Franciscoorce,San Francisco Bay Area,USA,North America,1000,1.0,100000,99000,Sales,Post-IPO,2022
CareRev,Los Angeles,USA,North America,100,33.0,303,203,Healthcare,Series A,2023
Woven,Indianapolis,USA,North America,5,15.0,33,28,HR,Series A,2022
Mobile Premier League,Bengaluru,India,Asia,100,10.0,1000,900,Consumer,Series E,2022
Earnix,Tel Aviv,Israel,Asia,30,10.0,300,270,Finance,Unknown,2023
Substack,San Francisco Bay Area,USA,North America,13,14.0,93,80,Media,Series B,2022
Fetch,Madison,USA,North America,100,10.0,1000,900,Retail,Series E,2023
Fittr,Pune,India,Asia,30,11.0,273,243,Fitness,Series A,2023
Ibotta,Denver,USA,North America,87,15.0,580,493,Retail,Series D,2020
Ermetic,San Francisco Bay Area,USA,North America,30,17.0,176,146,Security,Series B,2023
Sisense,New York City,USA,North America,100,15.0,667,567,Data,Series F,2023
Horizn Studios,Berlin,Germany,Europe,15,25.0,60,45,Travel,Series B,2020
Healthy.io,Tel Aviv,Israel,Asia,70,33.0,212,142,Healthcare,Series D,2023
Fabric,New York City,USA,North America,120,40.0,300,180,Logistics,Series C,2022
Dunzo,Bengaluru,India,Asia,300,30.0,1000,700,Food,Unknown,2023
Thumbtack,San Francisco Bay Area,USA,North America,250,30.0,833,583,Consumer,Series F,2020
Wonolo,San Francisco Bay Area,USA,North America,46,13.0,354,308,Recruiting,Series C,2020
Integral Ad Scien…,New York City,USA,North America,70,10.0,700,630,Marketing,Acquired,2020
#Paid,Toronto,Canada,North America,19,17.0,112,93,Marketing,Series B,2023
Bizzabo,New York City,USA,North America,120,30.0,400,280,Marketing,Series E,2022
Flink,Berlin,Germany,Europe,8000,40.0,20000,12000,Food,Series B,2023
Recharge,Los Angeles,USA,North America,84,17.0,494,410,Finance,Series B,2022
InSightec,Haifa,Israel,Asia,100,20.0,500,400,Healthcare,Unknown,2023
Inspirato,Denver,USA,North America,50,6.0,833,783,Travel,Post-IPO,2023
Ada,Toronto,Canada,North America,78,16.0,488,410,Support,Series C,2022
Iris Nova,New York City,USA,North America,9,50.0,18,9,Food,Seed,2020
Boozt,Malmö,Sweden,Europe,70,5.0,1400,1330,Retail,Post-IPO,2022
The RealReal,San Francisco Bay Area,USA,North America,235,10.0,2350,2115,Retail,Post-IPO,2020
Eden / Managed …,New York City,USA,North America,40,40.0,100,60,Real Estate,Series B,2020
Greenlight,Atlanta,USA,North America,104,21.0,495,391,Finance,Series D,2023
PickYourTrail,Chennai,India,Asia,70,35.0,200,130,Travel,Series A,2020
Faire,San Francisco Bay Area,USA,North America,84,7.0,1200,1116,Retail,Series G,2022
Cogito,Boston,USA,North America,24,14.0,171,147,Support,Series C,2020
EasyPost,San Francisco Bay Area,USA,North America,50,25.0,200,150,Logistics,Series A,2020
DocuSign,San Francisco Bay Area,USA,North America,680,10.0,6800,6120,Sales,Post-IPO,2023
Vee,Tel Aviv,Israel,Asia,17,50.0,34,17,HR,Seed,2022
Rubius,Boston,USA,North America,160,75.0,213,53,Healthcare,Post-IPO,2022
Cybereason,Boston,USA,North America,100,6.0,1667,1567,Security,Series F,2022
Smava,Berlin,Germany,Europe,100,15.0,667,567,Finance,Unknown,2022
Oda,Oslo,Norway,Europe,70,18.0,389,319,Food,Unknown,2022
Carta,San Francisco Bay Area,USA,North America,161,16.0,1006,845,Finance,Series E,2020
Jama,Portland,USA,North America,12,5.0,240,228,Product,Unknown,2020
VSCO,San Francisco Bay Area,USA,North America,45,35.0,129,84,Consumer,Series B,2020
Jetty,New York City,USA,North America,35,40.0,88,53,Finance,Series B,2020
Quantcast,San Francisco Bay Area,USA,North America,40,6.0,667,627,Marketing,Series C,2022
Argo AI,Pittsburgh,USA,North America,173,6.070175438596491,2850,2677,Transportation,Unknown,2022
Pollen,London,United Kingdom,Europe,200,33.0,606,406,Travel,Series C,2022
Jumia,Lagos,Nigeria,Africa,900,20.0,4500,3600,Retail,Post-IPO,2022
Crypto.com,Singapore,Singapore,Asia,2000,30.0,6667,4667,Crypto,Unknown,2022
UiPath,New York City,USA,North America,241,6.0,4017,3776,Data,Post-IPO,2022
Uber,Amsterdam,Netherlands,Europe,225,25.0,900,675,Transportation,Post-IPO,2020
Omie,Sao Paulo,Brazil,South America,136,31.0,439,303,Finance,Series B,2020
Deputy,Sydney,Australia,Australia,60,30.0,200,140,HR,Series B,2020
Bridgit,Waterloo,Canada,North America,13,13.0,100,87,Construction,Series B,2022
Treehouse,Portland,USA,North America,41,90.0,46,5,Education,Series B,2021
Thread,London,United Kingdom,Europe,30,50.0,60,30,Retail,Acquired,2022
TripAdvisor,Boston,USA,North America,900,25.0,3600,2700,Travel,Post-IPO,2020
Malwarebytes,San Francisco Bay Area,USA,North America,125,14.0,893,768,Security,Series B,2022
Opencare,Toronto,Canada,North America,18,25.0,72,54,Healthcare,Series A,2020
Freshworks,San Francisco Bay Area,USA,North America,90,2.0,4500,4410,Support,Post-IPO,2022
Gupy,Sao Paulo,Brazil,South America,58,8.0,725,667,HR,Series B,2023
SEND,Sydney,Australia,Australia,300,100.0,300,0,Food,Seed,2022
Juni,Gothenburg,Sweden,Europe,72,33.0,218,146,Finance,Unknown,2022
Yelp,San Francisco Bay Area,USA,North America,1000,17.0,5882,4882,Consumer,Post-IPO,2020
NSO,Tel Aviv,Israel,Asia,100,14.0,714,614,Security,Seed,2022
Sendle,Sydney,Australia,Australia,27,12.0,225,198,Logistics,Series C,2022
UiPath,New York City,USA,North America,210,5.0,4200,3990,Data,Post-IPO,2022
Thinkific,Vancouver,Canada,North America,100,20.0,500,400,Education,Post-IPO,2022
Cue Health,San Diego,USA,North America,326,30.0,1087,761,Healthcare,Post-IPO,2023
Vacasa,Portland,USA,North America,1300,17.0,7647,6347,Travel,Post-IPO,2023
Clearco,Toronto,Canada,North America,125,25.0,500,375,Finance,Series C,2022
Crejo.Fun,Bengaluru,India,Asia,170,100.0,170,0,Education,Seed,2022
Spotify,Stockholm,Sweden,Europe,600,6.0,10000,9400,Media,Post-IPO,2023
MadeiraMadeira,Curitiba,Brazil,South America,60,3.0,2000,1940,Retail,Series E,2022
Astra,San Francisco Bay Area,USA,North America,40,25.0,160,120,Aerospace,Unknown,2020
CarGurus,Boston,USA,North America,130,13.0,1000,870,Transportation,Post-IPO,2020
Facily,Sao Paulo,Brazil,South America,260,30.0,867,607,Retail,Series D,2022
MindBody,San Luis Obispo,USA,North America,400,15.0,2667,2267,Fitness,Post-IPO,2022
Varonis,New York City,USA,North America,110,5.0,2200,2090,Security,Post-IPO,2022
Rupeek,Bengaluru,India,Asia,180,15.0,1200,1020,Finance,Unknown,2022
Snap,Los Angeles,USA,North America,1280,20.0,6400,5120,Consumer,Post-IPO,2022
Impossible Foods,San Francisco Bay Area,USA,North America,50,6.0,833,783,Food,Series H,2022
Paper,Montreal,Canada,North America,106,4.0,2650,2544,Education,Series D,2023
InDebted,Sydney,Australia,Australia,40,17.0,235,195,Finance,Series B,2022
Vox Media,Washington DC,USA,North America,130,7.0,1857,1727,Media,Series F,2023
Glints,Singapore,Singapore,Asia,198,18.0,1100,902,HR,Series D,2022
Bridge Connector,Nashville,USA,North America,154,100.0,154,0,Healthcare,Series B,2020
Better.com,New York City,USA,North America,900,9.0,10000,9100,Real Estate,Unknown,2021
Tonkean,San Francisco Bay Area,USA,North America,23,23.0,100,77,Other,Series B,2022
On Deck,San Francisco Bay Area,USA,North America,73,33.0,221,148,Education,Series A,2022
Upwork,San Francisco Bay Area,USA,North America,137,15.0,913,776,Other,Post-IPO,2023
New Relic,San Francisco Bay Area,USA,North America,255,10.0,2550,2295,Infrastructure,Post-IPO,2023
Peloton,New York City,USA,North America,2800,20.0,14000,11200,Fitness,Post-IPO,2022
InvestCloud,Los Angeles,USA,North America,80,5.0,1600,1520,Finance,Private Equity …,2023
Vedantu,Bengaluru,India,Asia,200,3.0,6667,6467,Education,Series E,2022
Clearcover,Chicago,USA,North America,81,15.0,540,459,Finance,Series D,2023
Delivery Hero,Berlin,Germany,Europe,156,4.0,3900,3744,Food,Post-IPO,2023
Atlassian,Sydney,Australia,Australia,500,5.0,10000,9500,Other,Post-IPO,2023
Benevity,Calgary,Canada,North America,137,14.0,979,842,Other,Unknown,2023
Tier Mobility,Berlin,Germany,Europe,80,7.0,1143,1063,Transportation,Series D,2023
GoTo Group,Jakarta,Indonesia,Asia,1300,12.0,10833,9533,Transportation,Post-IPO,2022
Revolut,London,United Kingdom,Europe,60,3.0,2000,1940,Finance,Series D,2020
Buy.com / Rakuten,San Francisco Bay Area,USA,North America,87,100.0,87,0,Retail,Acquired,2020
Embroker,San Francisco Bay Area,USA,North America,30,12.0,250,220,Finance,Series C,2022
Cruise,San Francisco Bay Area,USA,North America,150,8.0,1875,1725,Transportation,Acquired,2020
BuzzFeed,New York City,USA,North America,180,12.0,1500,1320,Media,Post-IPO,2022
Roku,San Francisco Bay Area,USA,North America,360,10.0,3600,3240,Media,Post-IPO,2023
Loco,Mumbai,India,Asia,40,36.0,111,71,Consumer,Acquired,2023
Oriente,Hong Kong,Hong Kong,Asia,400,20.0,2000,1600,Finance,Series B,2020
Quandoo,Berlin,Germany,Europe,87,20.0,435,348,Food,Acquired,2021
Komodo Health,San Francisco Bay Area,USA,North America,78,9.0,867,789,Healthcare,Series E,2022
Impossible Foods,San Francisco Bay Area,USA,North America,140,20.0,700,560,Food,Series H,2023
Stack Overflow,New York City,USA,North America,58,10.0,580,522,Recruiting,Acquired,2023
Hootsuite,Vancouver,Canada,North America,400,30.0,1333,933,Marketing,Series C,2022
Teampay,New York City,USA,North America,30,33.0,91,61,Finance,Series B,2023
Hash,Sao Paulo,Brazil,South America,58,50.0,116,58,Finance,Series C,2022
NS8,Las Vegas,USA,North America,240,95.0,253,13,Data,Series A,2020
Qumulo,Seattle,USA,North America,80,19.0,421,341,Data,Series E,2022
Oportun,San Francisco Bay Area,USA,North America,155,10.0,1550,1395,Finance,Post-IPO,2023
Brave Care,Portland,USA,North America,40,33.0,121,81,Healthcare,Series B,2022
Thoughtworks,Chicago,USA,North America,500,4.0,12500,12000,Other,Post-IPO,2023
Reef,Miami,USA,North America,750,5.0,15000,14250,Transportation,Unknown,2022
Scoop,San Francisco Bay Area,USA,North America,92,33.0,279,187,Transportation,Series C,2020
Cart.com,Austin,USA,North America,25,4.0,625,600,Retail,Unknown,2023
NanoString Technology,Seattle,USA,North America,50,9.0,556,506,Healthcare,Post-IPO,2024
Rad Power Bikes,Seattle,USA,North America,63,10.0,630,567,Transportation,Series D,2022
Amazon,Seattle,USA,North America,9000,2.295918367346939,392000,383000,Retail,Post-IPO,2023
BeyondMinds,Tel Aviv,Israel,Asia,65,100.0,65,0,Data,Series A,2022
Brightcove,Boston,USA,North America,70,10.0,700,630,Marketing,Post-IPO,2023
Linktree,Melbourne,Australia,Australia,60,27.0,222,162,Consumer,Unknown,2023
TCR2,Boston,USA,North America,30,20.0,150,120,Healthcare,Post-IPO,2022
Namogoo,Tel Aviv,Israel,Asia,20,15.0,133,113,Marketing,Series C,2023
TrueLayer,London,United Kingdom,Europe,40,10.0,400,360,Finance,Series E,2022
Culture Amp,Melbourne,Australia,Australia,36,8.0,450,414,HR,Series E,2020
TealBook,Toronto,Canada,North America,34,19.0,179,145,Other,Series B,2022
Cameo,Chicago,USA,North America,87,25.0,348,261,Consumer,Unknown,2022
Robinhood,San Francisco Bay Area,USA,North America,340,9.0,3778,3438,Finance,Post-IPO,2022
Navi,Bengaluru,India,Asia,40,25.0,160,120,Finance,Private Equity …,2020
Zoomo,Sydney,Australia,Australia,27,8.0,338,311,Transportation,Series B,2023
LinkedIn,San Francisco Bay Area,USA,North America,660,3.0,22000,21340,Recruiting,Acquired,2023
Doma,San Francisco Bay Area,USA,North America,250,13.0,1923,1673,Finance,Post-IPO,2022
Armis,San Francisco Bay Area,USA,North America,25,4.0,625,600,Security,Private Equity …,2022
Google,San Francisco Bay Area,USA,North America,1000,0.5319148936170213,188000,187000,Consumer,Post-IPO,2024
Spinny,Gurugram,India,Asia,300,5.0,6000,5700,Transportation,Series E,2023
Bestow,Dallas,USA,North America,41,14.0,293,252,Finance,Series C,2022
Capitolis,New York City,USA,North America,37,25.0,148,111,Finance,Series D,2022
Jam City,Los Angeles,USA,North America,200,17.0,1176,976,Consumer,Unknown,2022
Flock Freight,San Diego,USA,North America,45,8.0,563,518,Logistics,Series D,2023
Spotify,Stockholm,Sweden,Europe,1500,17.0,9200,7700,Media,Post-IPO,2023
Micron,Boise,USA,North America,2400,5.0,48000,45600,Hardware,Post-IPO,2023
Flyhomes,Seattle,USA,North America,300,40.0,750,450,Real Estate,Series C,2022
Glisser,London,United Kingdom,Europe,25,100.0,25,0,Travel,Unknown,2023
BounceX,New York City,USA,North America,77,20.0,385,308,Marketing,Series B,2020
Zendesk,San Francisco Bay Area,USA,North America,320,8.0,4000,3680,Support,Acquired,2023
Gopuff,Philadelphia,USA,North America,1500,10.0,15000,13500,Food,Series H,2022
TripAdvisor,Boston,USA,North America,125,4.0,3125,3000,Travel,Post-IPO,2023
Fundbox,San Francisco Bay Area,USA,North America,150,42.0,357,207,Finance,Series D,2022
Ridecell,San Francisco Bay Area,USA,North America,35,15.0,233,198,Transportation,Series B,2020
Unstoppable Do.,San Francisco Bay Area,USA,North America,42,25.0,168,126,Crypto,Series B,2022
Domo,Salt Lake City,USA,North America,90,10.0,900,810,Data,Post-IPO,2020
Roku,San Francisco Bay Area,USA,North America,200,7.0,2857,2657,Media,Post-IPO,2022
Overtime,New York City,USA,North America,30,23.0,130,100,Media,Series B,2020
Zoomo,Sydney,Australia,Australia,65,16.0,406,341,Transportation,Series B,2022
iPrice Group,Kuala Lumpur,Malaysia,Asia,50,20.0,250,200,Retail,Unknown,2022
Sonatype,Baltimore,USA,North America,100,14.0,714,614,Security,Acquired,2023
Curve,London,United Kingdom,Europe,65,10.0,650,585,Finance,Series C,2022
99,Sao Paulo,Brazil,South America,75,2.0,3750,3675,Transportation,Acquired,2022
Plaid,San Francisco Bay Area,USA,North America,260,20.0,1300,1040,Finance,Series D,2022
Mozilla,San Francisco Bay Area,USA,North America,250,25.0,1000,750,Consumer,Unknown,2020
Uniphore,San Francisco Bay Area,USA,North America,76,10.0,760,684,Support,Series E,2023
Verbit,New York City,USA,North America,80,10.0,800,720,Data,Series E,2022
Wheel,Austin,USA,North America,35,17.0,206,171,Healthcare,Series C,2022
Textio,Seattle,USA,North America,15,12.0,125,110,Recruiting,Unknown,2023
Viasat,San Diego,USA,North America,800,10.0,8000,7200,Other,Post-IPO,2023
Crayon,Boston,USA,North America,20,20.0,100,80,Marketing,Series A,2020
Huobi,Bejing,China,Asia,275,20.0,1375,1100,Crypto,Unknown,2023
Loopio,Toronto,Canada,North America,11,8.0,138,127,Sales,Series A,2020
Boxed,New York City,USA,North America,32,25.0,128,96,Retail,Post-IPO,2023
Sonder,San Francisco Bay Area,USA,North America,250,21.0,1190,940,Travel,Post-IPO,2022
Magic Leap,Miami,USA,North America,1000,50.0,2000,1000,Consumer,Series E,2020
SAP,Walldorf,Germany,Europe,3000,3.0,100000,97000,Other,Post-IPO,2023
Outbrain,New York City,USA,North America,38,3.0,1267,1229,Marketing,Post-IPO,2022
Gusto,San Francisco Bay Area,USA,North America,126,5.0,2520,2394,HR,Series E,2023
Groupon,Chicago,USA,North America,500,15.0,3333,2833,Retail,Post-IPO,2022
Highsnobiety,Berlin,Germany,Europe,51,25.0,204,153,Media,Series A,2020
Artsy,New York City,USA,North America,35,15.0,233,198,Retail,Series D,2023
Stash Financial,New York City,USA,North America,40,8.0,500,460,Finance,Unknown,2022
MakeMyTrip,Gurugram,India,Asia,350,10.0,3500,3150,Travel,Post-IPO,2020
Flytedesk,Boulder,USA,North America,4,20.0,20,16,Marketing,Seed,2020
Doximity,San Francisco Bay Area,USA,North America,100,10.0,1000,900,Healthcare,Post-IPO,2023
Moladin,Jakarta,Indonesia,Asia,360,11.0,3273,2913,Transportation,Series B,2023
Sweetgreen,Los Angeles,USA,North America,35,10.0,350,315,Food,Series I,2020
Personetics,New York City,USA,North America,30,8.0,375,345,Support,Private Equity …,2023
Matterport,San Francisco Bay Area,USA,North America,170,30.0,567,397,Data,Post-IPO,2023
Hyperscience,New York City,USA,North America,100,25.0,400,300,Data,Series E,2022
Zilingo,Singapore,Singapore,Asia,100,12.0,833,733,Retail,Series D,2020
The Sill,New York City,USA,North America,20,25.0,80,60,Retail,Series A,2020
Group Nine Media,New York City,USA,North America,50,7.0,714,664,Media,Unknown,2020
Thimble,New York City,USA,North America,20,33.0,61,41,Finance,Series A,2022
Loftium,Seattle,USA,North America,32,60.0,53,21,Real Estate,Series A,2020
